Date,Channel,Currency,Exchange,success,pump_date
2019-01-02T15:44:53Z,Binance Signals ¬Æ,BRD,Binance,0,
2019-01-07T14:27:13Z,Whales Crypto Guide,LOOM,Binance,1,2019-01-07T14:25:00Z
2019-01-08T16:00:00Z,Binance Profit Signal,EVX,Binance,1,2019-01-08T16:00:00Z
2019-01-20T17:59:18Z,Mega Pump Group,GXS,Binance,1,2019-01-20T17:59:00Z
2019-01-25T18:00:13Z,Crypto Pump Island,HC,Binance,1,2019-01-25T17:59:00Z
2019-01-27T17:59:53Z,Mega Pump Group,WINGS,Binance,1,2019-01-27T17:59:00Z
2019-01-28T11:47:52Z,Crypto Trading.,WINGS,Binance,0,
2019-01-29T14:00:23Z,Bitcoin Pump Group,BQX,Binance,1,2019-01-29T13:35:00Z
2019-02-02T16:59:47Z,ùòæùôßùôÆùô•ùô©ùô§ ùôàùôñùôßùô†ùôöùô© ùôéùôûùôúùô£ùôñùô°,RDN,Binance,1,2019-02-02T16:59:00Z
2019-02-02T17:59:54Z,Mega Pump Group,GRS,Binance,1,2019-02-02T17:58:00Z
2019-02-03T15:04:02Z,Whales Crypto Guide,VIA,Binance,1,2019-02-03T15:04:00Z
2019-02-04T14:21:59Z,Crypto Tree üéÑ,WTC,Binance,0,
2019-02-04T16:29:49Z,Trading Crypto Coach¬Æ,STORJ,Binance,1,2019-02-04T16:29:00Z
2019-02-08T16:30:43Z,ùòæùôßùôÆùô•ùô©ùô§ ùôàùôñùôßùô†ùôöùô© ùôéùôûùôúùô£ùôñùô°,SUB,Binance,1,2019-02-08T16:30:00Z
2019-02-10T17:59:58Z,Mega Pump Group,GXS,Binance,1,2019-02-10T17:59:00Z
2019-02-14T15:00:29Z,ùòæùôßùôÆùô•ùô©ùô§ ùôàùôñùôßùô†ùôöùô© ùôéùôûùôúùô£ùôñùô°,REQ,Binance,0,
2019-02-16T18:00:08Z,Mega Pump Group,EDO,Binance,1,2019-02-16T18:00:00Z
2019-02-23T16:59:54Z,Mega Pump Group,HC,Binance,1,2019-02-23T16:59:00Z
2019-02-24T17:00:11Z,DA PUMP,BQX,Binance,0,
2019-02-26T12:16:51Z,Crypto Tree üéÑ,STEEM,Binance,0,
2019-02-27T15:29:32Z,Crypto Tree üéÑ,BRD,Binance,0,
2019-02-27T17:00:02Z,Binance Pump Tracker‚Ñ¢,SYS,Binance,1,2019-02-27T16:59:00Z
2019-02-28T18:00:13Z,ùòæùôßùôÆùô•ùô©ùô§ ùôÇùô™ùôßùô™¬Æ ùòΩùôûùô£ùôñùô£ùôòùôö ùôéùôûùôúùô£ùôñùô°ùô®,EVX,Binance,0,
2019-03-01T17:44:01Z,Crypto Tree üéÑ,DATA,Binance,0,
2019-03-01T18:08:14Z,Crypto Tree üéÑ,DATA,Binance,0,
2019-03-01T18:28:37Z,Crypto Tree üéÑ,DATA,Binance,0,
2019-03-02T14:00:56Z,Crypto Pump Island,AST,Binance,1,2019-03-02T13:59:00Z
2019-03-03T14:10:46Z,Crypto Tree üéÑ,MDA,Binance,0,
2019-03-04T06:49:58Z,Crypto Tree üéÑ,LOOM,Binance,0,
2019-03-05T16:30:15Z,Wolf of trading Signals,GRS,Binance,1,2019-03-05T16:30:00Z
2019-03-08T16:00:37Z,ùòæùôßùôÆùô•ùô©ùô§ ùôÇùô™ùôßùô™¬Æ ùòΩùôûùô£ùôñùô£ùôòùôö ùôéùôûùôúùô£ùôñùô°ùô®,POLY,Binance,1,2019-03-08T16:00:00Z
2019-03-08T16:30:00Z,Wolf of trading Signals,AMB,Binance,1,2019-03-08T16:30:00Z
2019-03-09T17:51:49Z,Crypto Tree üéÑ,BNT,Binance,0,
2019-03-10T01:44:17Z,Crypto Tree üéÑ,BAT,Binance,0,
2019-03-10T02:45:30Z,Crypto Tree üéÑ,BNT,Binance,0,
2019-03-10T19:00:18Z,Maximum Pump,OAX,Binance,1,2019-03-10T18:51:00Z
2019-03-11T03:29:45Z,Crypto Tree üéÑ,VIB,Binance,0,
2019-03-11T06:02:35Z,Crypto Tree üéÑ,TUSD,Binance,0,
2019-03-11T13:53:42Z,Crypto Tree üéÑ,ARK,Binance,0,
2019-03-11T19:23:57Z,Crypto Tree üéÑ,MCO,Binance,0,
2019-03-12T01:23:57Z,Crypto Tree üéÑ,THETA,Binance,0,
2019-03-12T14:35:04Z,Crypto Tree üéÑ,DCR,Binance,0,
2019-03-12T16:12:52Z,Crypto Tree üéÑ,RLC,Binance,0,
2019-03-12T16:32:50Z,Crypto Tree üéÑ,NANO,Binance,1,2019-03-12T16:33:00Z
2019-03-12T17:39:12Z,Crypto Tree üéÑ,EDO,Binance,0,
2019-03-13T08:18:44Z,Crypto Tree üéÑ,AGI,Binance,0,
2019-03-14T15:10:58Z,Crypto Tree üéÑ,DCR,Binance,1,2019-03-14T15:07:00Z
2019-03-14T16:43:46Z,Crypto Tree üéÑ,BCHSV,Binance,0,
2019-03-15T10:00:47Z,ùòæùôßùôÆùô•ùô©ùô§ ùôàùôñùôßùô†ùôöùô© ùôéùôûùôúùô£ùôñùô°,ARDR,Binance,0,
2019-03-15T14:54:09Z,Crypto Tree üéÑ,RLC,Binance,0,
2019-03-15T15:28:51Z,Whales Crypto Guide,BLZ,Binance,1,2019-03-15T15:29:00Z
2019-03-17T03:27:32Z,Crypto Tree üéÑ,BTT,Binance,0,
2019-03-17T15:35:48Z,Bitcoin Pump Group,BNT,Binance,0,
2019-03-17T18:59:26Z,Maximum Pump,BRD,Binance,1,2019-03-17T19:00:00Z
2019-03-18T05:24:55Z,Crypto Tree üéÑ,ZIL,Binance,0,
2019-03-18T15:48:57Z,Crypto Profit Coach‚Ñ¢,VIBE,Binance,0,
2019-03-25T07:01:35Z,Crypto Tree üéÑ,GTO,Binance,0,
2019-03-26T08:31:20Z,Crypto Tree üéÑ,QLC,Binance,0,
2019-03-26T08:37:20Z,Crypto Tree üéÑ,EVX,Binance,0,
2019-03-26T08:51:53Z,Crypto Tree üéÑ,BAT,Binance,0,
2019-03-26T09:05:11Z,Crypto Tree üéÑ,REN,Binance,0,
2019-03-26T15:43:47Z,Crypto Trading.,VIA,Binance,0,
2019-03-26T17:41:08Z,Crypto Tree üéÑ,AGI,Binance,1,2019-03-26T17:19:00Z
2019-03-26T18:59:55Z,Maximum Pump,BRD,Binance,0,
2019-03-26T20:55:46Z,Crypto Tree üéÑ,MTH,Binance,0,
2019-03-27T03:45:50Z,Crypto Advisor,BCPT,Binance,0,
2019-03-27T15:05:00Z,Crypto Advisor,NAS,Binance,0,
2019-03-28T12:57:31Z,Crypto Advisor,LRC,Binance,1,2019-03-28T12:57:00Z
2019-03-28T14:35:40Z,Crypto Advisor,AMB,Binance,0,
2019-03-28T15:46:54Z,Crypto Tree üéÑ,WABI,Binance,0,
2019-03-29T04:26:40Z,Crypto Advisor,MITH,Binance,0,
2019-03-29T11:59:56Z,Crypto Advisor,DNT,Binance,1,2019-03-29T11:59:00Z
2019-03-30T11:53:12Z,Crypto Advisor,ARDR,Binance,0,
2019-03-31T14:09:45Z,Crypto Advisor,STORJ,Binance,0,
2019-04-01T08:14:55Z,Crypto Advisor,DATA,Binance,0,
2019-04-02T18:59:39Z,Maximum Pump,CND,Binance,0,
2019-04-04T01:43:43Z,Crypto Tree üéÑ,IOTX,Binance,0,
2019-04-04T13:29:15Z,Cryptonians (Free Signals and News Update),SNM,Binance,1,2019-04-04T12:30:00Z
2019-04-07T19:00:50Z,Maximum Pump,DLT,Binance,1,2019-04-07T19:01:00Z
2019-04-08T16:30:48Z,Crypto Pump Island,NEBL,Binance,1,2019-04-08T16:30:00Z
2019-04-09T18:59:46Z,Maximum Pump,RDN,Binance,1,2019-04-09T19:00:00Z
2019-04-13T16:59:56Z,Mega Pump Group,BLZ,Binance,1,2019-04-13T17:00:00Z
2019-04-14T19:00:54Z,Maximum Pump,BRD,Binance,1,2019-04-14T19:01:00Z
2019-04-16T19:00:36Z,Maximum Pump,VIBE,Binance,1,2019-04-16T19:00:00Z
2019-04-17T17:00:21Z,Crypto Pump Island,ARDR,Binance,1,2019-04-17T17:00:00Z
2019-04-23T15:00:36Z,Crypto Pump Island,SNM,Binance,1,2019-04-23T15:01:00Z
2019-04-24T17:00:00Z,Mega Pump Group,RDN,Binance,1,2019-04-24T17:00:00Z
2019-04-24T19:00:59Z,Maximum Pump,APPC,Binance,1,2019-04-24T19:00:00Z
2019-04-25T19:15:21Z,Maximum Pump,ADX,Binance,0,
2019-04-29T15:00:06Z,Bitcoin Pump Group,REQ,Binance,1,2019-04-29T14:01:00Z
2019-05-05T19:00:17Z,Maximum Pump,POA,Binance,1,2019-05-05T19:00:00Z
2019-05-06T13:15:20Z,Maximum Pump,BCPT,Binance,0,
2019-05-11T09:28:44Z,Maximum Pump,RDN,Binance,0,
2019-05-12T16:59:57Z,DA PUMP,HC,Binance,1,2019-05-12T17:00:00Z
2019-05-13T15:00:00Z,Binance Profit Signal,CDT,Binance,1,2019-05-13T15:00:00Z
2019-05-16T16:29:10Z,Crypto Advisor,MTH,Binance,0,
2019-05-16T16:59:12Z,premium binance signals turkey,HC,Binance,1,2019-05-16T16:59:00Z
2019-05-17T05:11:41Z,Crypto Tree üéÑ,MATIC,Binance,0,
2019-05-17T15:59:06Z,Crypto Advisor,CDT,Binance,1,2019-05-17T15:01:00Z
2019-05-18T15:30:09Z,Whales Crypto Guide,HC,Binance,1,2019-05-18T15:30:00Z
2019-05-18T16:59:57Z,Mega Pump Group,NAV,Binance,1,2019-05-18T17:00:00Z
2019-05-21T13:30:19Z,Whales Crypto Guide,CND,Binance,1,2019-05-21T13:30:00Z
2019-05-22T15:15:19Z,Crypto Advisor,BRD,Binance,0,
2019-05-23T17:00:01Z,Crypto Pump Island,SYS,Binance,1,2019-05-23T17:00:00Z
2019-05-24T06:39:04Z,Bitcoin Pump Group,GNT,Binance,0,
2019-05-24T07:57:42Z,Bitcoin Pump Group,ELF,Binance,0,
2019-05-24T16:02:01Z,Crypto Advisor,FET,Binance,0,
2019-05-25T16:00:03Z,Crypto Ninja Coach | Official‚Ñ¢,BRD,Binance,0,
2019-05-25T18:41:14Z,Crypto Advisor,WABI,Binance,0,
2019-05-26T01:58:54Z,Crypto Tree üéÑ,DATA,Binance,0,
2019-05-27T15:31:28Z,Crypto Tree üéÑ,DATA,Binance,0,
2019-05-27T17:00:05Z,Crypto Pump Island,BLZ,Binance,1,2019-05-27T17:00:00Z
2019-05-28T08:11:47Z,Crypto Advisor,QKC,Binance,0,
2019-05-28T10:44:39Z,Cryptocurrency: Wolf Posting üöÄ,DNT,Binance,0,
2019-05-28T15:00:01Z,Crypto Advisor,QSP,Binance,1,2019-05-28T15:00:00Z
2019-05-29T03:07:38Z,Cryptocurrency: Wolf Posting üöÄ,DNT,Binance,0,
2019-05-29T07:38:51Z,Crypto Tree üéÑ,ONG,Binance,0,
2019-05-29T11:41:59Z,Crypto Advisor,POLY,Binance,0,
2019-05-30T12:00:15Z,Crypto Advisor,MTH,Binance,0,
2019-05-31T08:25:51Z,Crypto Advisor,MITH,Binance,0,
2019-05-31T08:41:08Z,Bitcoin Pump Group,EVX,Binance,0,
2019-05-31T14:59:35Z,Binance Profit Signal,PPT,Binance,1,2019-05-31T14:59:00Z
2019-05-31T17:00:01Z,Crypto Pump Island,ARDR,Binance,1,2019-05-31T17:00:00Z
2019-06-01T16:36:26Z,Cryptocurrency: Wolf Posting üöÄ,DLT,Binance,0,
2019-06-02T13:56:36Z,Crypto Advisor,THETA,Binance,0,
2019-06-02T16:00:09Z,ùòΩùôñùôóùôÆ ùòæùôÆùô•ùô©ùô§ ùôòùôùùôñùô£ùô£ùôöùô°,PIVX,Binance,1,2019-06-02T16:00:00Z
2019-06-02T21:00:35Z,Binance Royal Pump,SNM,Binance,1,2019-06-02T21:00:00Z
2019-06-03T11:14:37Z,Cryptocurrency: Wolf Posting üöÄ,WPR,Binance,0,
2019-06-07T04:35:00Z,Cryptocurrency: Wolf Posting üöÄ,TNB,Binance,0,
2019-06-07T07:41:45Z,Cryptocurrency: Wolf Posting üöÄ,CVC,Binance,0,
2019-06-07T07:53:40Z,Cryptocurrency: Wolf Posting üöÄ,POWR,Binance,0,
2019-06-08T12:59:57Z,Cryptocurrency: Wolf Posting üöÄ,REQ,Binance,0,
2019-06-08T16:59:28Z,Bitcoin Pump Group,REN,Binance,0,
2019-06-11T18:00:12Z,Crypto Trading.,STORJ,Binance,1,2019-06-11T18:00:00Z
2019-06-13T01:46:06Z,Crypto Tree üéÑ,ARDR,Binance,0,
2019-06-13T15:59:55Z,Cryptocurrency: Wolf Posting üöÄ,CDT,Binance,0,
2019-06-14T18:38:39Z,Cryptocurrency: Wolf Posting üöÄ,AST,Binance,0,
2019-06-15T16:59:50Z,Bitcoin Pump Group,BNT,Binance,1,2019-06-15T16:17:00Z
2019-06-16T11:11:24Z,Cryptocurrency: Wolf Posting üöÄ,AMB,Binance,0,
2019-06-16T16:05:00Z,Cryptocurrency: Wolf Posting üöÄ,LEND,Binance,0,
2019-06-16T21:00:40Z,Crypto Pump Island,NEBL,Binance,1,2019-06-16T21:00:00Z
2019-06-17T14:59:25Z,Binance Profit Signal,BRD,Binance,1,2019-06-17T14:59:00Z
2019-06-17T14:59:56Z,Cryptocurrency: Wolf Posting üöÄ,NXS,Binance,1,2019-06-17T14:58:00Z
2019-06-17T23:47:50Z,Crypto Tree üéÑ,IOTX,Binance,0,
2019-06-18T16:00:10Z,The Crypto Express.,BNT,Binance,1,2019-06-18T16:00:00Z
2019-06-19T15:00:01Z,Crypto Pump Island,REN,Binance,1,2019-06-19T15:00:00Z
2019-06-23T08:29:52Z,Cryptocurrency: Wolf Posting üöÄ,CND,Binance,0,
2019-06-23T14:37:52Z,Cryptocurrency: Wolf Posting üöÄ,APPC,Binance,0,
2019-06-24T17:00:02Z,Crypto Pump Island,NAV,Binance,1,2019-06-24T17:00:00Z
2019-06-24T17:10:21Z,Cryptocurrency: Wolf Posting üöÄ,APPC,Binance,0,
2019-06-24T17:45:30Z,American Whales,SNGLS,Binance,1,2019-06-24T17:37:00Z
2019-06-25T16:00:04Z,ùòæùôßùôÆùô•ùô©ùô§ ùôàùôñùôßùô†ùôöùô© ùôéùôûùôúùô£ùôñùô°,OAX,Binance,1,2019-06-25T16:00:00Z
2019-06-25T16:00:08Z,American Whales,INS,Binance,1,2019-06-25T15:59:00Z
2019-06-26T17:00:01Z,Crypto Pump Island,DNT,Binance,1,2019-06-26T16:59:00Z
2019-06-28T17:00:25Z,Crypto Pump Island,SNGLS,Binance,1,2019-06-28T17:02:00Z
2019-06-29T10:16:13Z,Crypto Trading.,CDT,Binance,0,
2019-06-29T16:00:43Z,Bitcoin Pump Group,DNT,Binance,1,2019-06-29T16:00:00Z
2019-06-30T18:23:53Z,Cryptocurrency: Wolf Posting üöÄ,FUN,Binance,0,
2019-07-01T07:28:03Z,Crypto Tree üéÑ,REN,Binance,0,
2019-07-01T16:59:30Z,Bitcoin Pump Group,REQ,Binance,1,2019-07-01T16:59:00Z
2019-07-05T15:00:01Z,Binance Mega Pump,QSP,Binance,1,2019-07-05T14:55:00Z
2019-07-05T17:00:32Z,Signals Lion,ADX,Binance,1,2019-07-05T17:00:00Z
2019-07-07T15:17:42Z,Crypto Tree üéÑ,QSP,Binance,0,
2019-07-09T17:00:15Z,Crypto Pump Island,CND,Binance,0,
2019-07-11T17:00:01Z,Crypto Pump Island,SNM,Binance,1,2019-07-11T17:00:00Z
2019-07-11T18:00:06Z,Binance Mega Pump,BNT,Binance,1,2019-07-11T17:59:00Z
2019-07-12T16:15:33Z,Crypto Lion's‚Ñ¢,WABI,Binance,0,
2019-07-13T08:48:44Z,BitAssist,REQ,Binance,0,
2019-07-13T16:57:23Z,Binance Royal Pump,NAV,Binance,1,2019-07-13T16:57:00Z
2019-07-15T17:00:07Z,Crypto Pump Island,DLT,Binance,1,2019-07-15T16:59:00Z
2019-07-17T17:00:08Z,Crypto Pump Island,SYS,Binance,1,2019-07-17T17:00:00Z
2019-07-19T17:00:13Z,Crypto Pump Island,BTS,Binance,1,2019-07-19T17:00:00Z
2019-07-22T16:00:14Z,Crypto Pump Island,SNT,Binance,1,2019-07-22T16:00:00Z
2019-07-23T16:21:31Z,Crypto Tree üéÑ,GRS,Binance,0,
2019-07-24T10:54:54Z,Bitcoin Pump Group,EOS,Binance,0,
2019-07-24T10:54:54Z,Bitcoin Pump Group,NEO,Binance,0,
2019-07-24T16:18:11Z,Bitcoin Profit Coach,NEO,Binance,0,
2019-07-25T16:00:42Z,Crypto Tree üéÑ,APPC,Binance,0,
2019-07-25T20:00:04Z,2018,LRC,Binance,1,2019-07-25T20:00:00Z
2019-07-25T20:00:08Z,Binance Royal Pump,LRC,Binance,1,2019-07-25T20:00:00Z
2019-07-26T08:40:13Z,Bitcoin Pump Group,NULS,Binance,0,
2019-07-26T14:12:30Z,Bitcoin Pump Group,ARN,Binance,0,
2019-07-26T17:59:59Z,Crypto Pump Island,ADX,Binance,1,2019-07-26T17:59:00Z
2019-07-28T17:00:03Z,Bitcoin Pump Group,BLZ,Binance,1,2019-07-28T17:00:00Z
2019-07-29T15:00:02Z,Binance Profit Signal,RDN,Binance,1,2019-07-29T15:00:00Z
2019-07-31T08:43:51Z,Bitcoin Pump Group,ICX,Binance,0,
2019-07-31T08:59:19Z,Bitcoin Pump Group,ELF,Binance,0,
2019-08-01T20:00:02Z,2018,NAV,Binance,1,2019-08-01T20:00:00Z
2019-08-02T18:00:01Z,Crypto Pump Island,WABI,Binance,1,2019-08-02T17:59:00Z
2019-08-04T06:29:28Z,Bitcoin Pump Group,QKC,Binance,0,
2019-08-04T18:00:03Z,Crypto Pump Island,SNM,Binance,1,2019-08-04T18:00:00Z
2019-08-05T15:30:02Z,Cryptocurrency: Wolf Posting üöÄ,WPR,Binance,0,
2019-08-06T16:00:07Z,Crypto Pump Island,POA,Binance,1,2019-08-06T16:00:00Z
2019-08-07T12:30:05Z,Pro Analysis,ENG,Binance,1,2019-08-07T12:30:00Z
2019-08-07T16:59:58Z,Bitcoin Pump Group,SNM,Binance,1,2019-08-07T16:59:00Z
2019-08-08T16:00:08Z,Crypto Pump Island,YOYO,Binance,1,2019-08-08T15:59:00Z
2019-08-09T15:00:20Z,Bitcoin Pump Group,CDT,Binance,1,2019-08-09T15:00:00Z
2019-08-10T16:00:37Z,Crypto Pump Island,RCN,Binance,1,2019-08-10T16:00:00Z
2019-08-13T20:00:06Z,2018,CVC,Binance,1,2019-08-13T20:00:00Z
2019-08-13T20:00:07Z,Binance Royal Pump,CVC,Binance,1,2019-08-13T20:00:00Z
2019-08-14T17:02:15Z,Bitcoin Pump Group,ALGO,Binance,0,
2019-08-15T20:00:10Z,Binance Royal Pump,DATA,Binance,1,2019-08-15T20:00:00Z
2019-08-16T16:00:05Z,Bitcoin Pump Group,VIA,Binance,1,2019-08-16T15:59:00Z
2019-08-18T18:43:07Z,American Whales,GXS,Binance,0,
2019-08-19T16:00:03Z,Crypto Pump Island,ONG,Binance,1,2019-08-19T15:59:00Z
2019-08-19T16:00:10Z,Binance Crypto Signals,QLC,Binance,1,2019-08-19T16:00:00Z
2019-08-21T18:00:06Z,Bitcoin Pump Group,VIB,Binance,1,2019-08-21T18:00:00Z
2019-08-22T16:01:09Z,Crypto Fox‚Ñ¢,BTS,Binance,1,2019-08-22T15:42:00Z
2019-08-22T20:00:08Z,Binance Royal Pump,SNT,Binance,1,2019-08-22T20:00:00Z
2019-08-23T16:10:41Z,Crypto Lion's‚Ñ¢,OST,Binance,0,
2019-08-24T16:59:14Z,Binance Mega Pump,POWR,Binance,1,2019-08-24T16:58:00Z
2019-08-29T18:00:16Z,Binance Royal Pump,QSP,Binance,1,2019-08-29T18:00:00Z
2019-08-29T19:46:43Z,Bitcoin Profit Coach,QSP,Binance,0,
2019-08-30T16:41:30Z,Bitcoin Pump Group,WAN,Binance,0,
2019-08-31T03:37:54Z,Hot Signals Binance Bittrex,KMD,Binance,0,
2019-09-02T14:22:47Z,Crypto Lion's‚Ñ¢,MTH,Binance,0,
2019-09-02T15:17:41Z,Bitcoin Pump Group,RLC,Binance,0,
2019-09-02T16:00:01Z,Crypto Pump Island,LRC,Binance,1,2019-09-02T15:59:00Z
2019-09-02T17:27:01Z,Bitcoin Profit Coach,RLC,Binance,0,
2019-09-04T16:00:12Z,Crypto Pump Island,QLC,Binance,1,2019-09-04T15:59:00Z
2019-09-04T16:59:50Z,Bitcoin Pump Group,POA,Binance,1,2019-09-04T16:16:00Z
2019-09-06T18:00:12Z,Crypto Pump Island,EDO,Binance,1,2019-09-06T17:59:00Z
2019-09-08T18:00:02Z,Mega Pump Group,DATA,Binance,1,2019-09-08T18:00:00Z
2019-09-09T10:32:17Z,Bitcoin Pump Group,MATIC,Binance,0,
2019-09-09T20:00:05Z,2018,BNT,Binance,1,2019-09-09T20:00:00Z
2019-09-09T20:00:17Z,Crypto Pump Island,BNT,Binance,1,2019-09-09T20:00:00Z
2019-09-11T18:28:33Z,Crypto Tree üéÑ,RLC,Binance,0,
2019-09-12T14:59:53Z,Binance Profit Signal,ARK,Binance,1,2019-09-12T15:00:00Z
2019-09-13T09:42:40Z,Crypto Lion's‚Ñ¢,BRD,Binance,0,
2019-09-14T15:09:34Z,Crypto Ninja Coach | Official‚Ñ¢,MDA,Binance,0,
2019-09-15T18:59:59Z,Maximum Pump,APPC,Binance,1,2019-09-15T19:00:00Z
2019-09-17T16:00:07Z,Crypto Pump Island,BLZ,Binance,1,2019-09-17T15:59:00Z
2019-09-19T17:00:28Z,Binance Crypto Signals,ONG,Binance,1,2019-09-19T17:00:00Z
2019-09-19T17:19:49Z,Binance Mega Pump,ONG,Binance,0,
2019-09-21T14:59:44Z,Crypto Lion's‚Ñ¢,INS,Binance,0,
2019-09-22T20:12:07Z,Bitcoin Pump Group,DCR,Binance,0,
2019-09-25T16:00:15Z,Crypto Pump Island,EDO,Binance,1,2019-09-25T16:00:00Z
2019-09-26T15:59:59Z,Crypto Pump Island,BLZ,Binance,1,2019-09-26T15:00:00Z
2019-09-27T07:03:50Z,Bitcoin Pump Group,MITH,Binance,1,2019-09-27T07:01:00Z
2019-09-30T12:35:50Z,Hot Signals Binance Bittrex,CMT,Binance,0,
2019-10-01T15:16:30Z,Bitcoin Profit Coach,CMT,Binance,0,
2019-10-02T18:00:13Z,Signals Lion,NXS,Binance,1,2019-10-02T18:00:00Z
2019-10-03T14:59:45Z,Moonlight Signal,BRD,Binance,1,2019-10-03T14:00:00Z
2019-10-04T18:02:03Z,Bitcoin Pump Group,AST,Binance,0,
2019-10-05T08:27:35Z,Bitcoin Pump Group,CHZ,Binance,0,
2019-10-06T15:17:52Z,Crypto Trader,NAV,Binance,0,
2019-10-07T12:10:51Z,Crypto Lion's‚Ñ¢,LSK,Binance,0,
2019-10-08T16:54:25Z,Crypto Trader,BRD,Binance,0,
2019-10-09T07:27:33Z,Crypto Trader,POWR,Binance,0,
2019-10-10T11:19:52Z,Crypto Lion's‚Ñ¢,AE,Binance,0,
2019-10-14T16:29:36Z,Crypto Ninja Coach | Official‚Ñ¢,BNT,Binance,1,2019-10-14T16:27:00Z
2019-10-14T17:41:26Z,Binance Crypto Signals,SNGLS,Binance,0,
2019-10-15T16:00:26Z,Cryptonians (Free Signals and News Update),GRS,Binance,1,2019-10-15T15:59:00Z
2019-10-15T20:00:02Z,Coin Pump Crew ‚ú™,RDN,Binance,0,
2019-10-16T11:28:58Z,American Whales,NULS,Binance,0,
2019-10-18T16:30:31Z,Big pump signal ¬ÆÔ∏èüóΩ,EDO,Binance,0,
2019-10-22T18:00:24Z,Whales Crypto Guide,OST,Binance,1,2019-10-22T18:00:00Z
2019-10-25T18:00:18Z,Coin Pump Crew ‚ú™,NEBL,Binance,0,
2019-10-27T15:56:04Z,Crypto VIP Signal‚Ñ¢,NEBL,Binance,1,2019-10-27T15:55:00Z
2019-10-29T18:00:18Z,Crypto Pump Island,ONG,Binance,1,2019-10-29T18:00:00Z
2019-10-30T12:09:40Z,Crypto Lion's‚Ñ¢,GRS,Binance,0,
2019-11-01T06:08:17Z,Crypto Tree üéÑ,ONE,Binance,0,
2019-11-02T17:29:16Z,Optimus Pump,DGD,Binance,0,
2019-11-05T16:00:12Z,Crypto Pump Island,NEBL,Binance,1,2019-11-05T16:00:00Z
2019-11-09T14:47:49Z,Crypto Lion's‚Ñ¢,POA,Binance,0,
2019-11-11T16:59:55Z,Optimus Pump,BCD,Binance,0,
2019-11-21T18:00:11Z,Crypto Pump Island,EDO,Binance,1,2019-11-21T18:01:00Z
2019-12-02T12:05:26Z,Bitcoin Pump Group,CDT,Binance,0,
2019-12-02T17:59:49Z,Signals Lion,NAS,Binance,1,2019-12-02T17:59:00Z
2019-12-02T18:50:05Z,Bitcoin Profit Coach,CDT,Binance,0,
2019-12-04T12:06:16Z,Crypto Lion's‚Ñ¢,BEAM,Binance,0,
2019-12-08T21:01:51Z,Binance Royal Pump,EDO,Binance,1,2019-12-08T21:01:00Z
2019-12-12T13:57:29Z,Crypto Lion's‚Ñ¢,DUSK,Binance,0,
2019-12-19T17:00:15Z,Crypto Pump Island,NAV,Binance,1,2019-12-19T17:00:00Z
2019-12-23T16:29:25Z,DA PUMP,BRD,Binance,1,2019-12-23T15:30:00Z
2020-01-08T17:05:56Z,Crypto Pump Island,EDO,Binance,0,
2020-01-09T15:29:59Z,Wolf of trading Signals,OST,Binance,0,
2020-01-09T17:00:11Z,Crypto Pump Island,ONG,Binance,1,2020-01-09T17:00:00Z
2020-01-10T18:00:09Z,Crypto Pump Island,GNT,Binance,1,2020-01-10T18:00:00Z
2020-01-11T18:40:25Z,Hot Signals Binance Bittrex,ARDR,Binance,0,
2020-01-12T20:00:11Z,Binance Royal Pump,VIB,Binance,1,2020-01-12T20:00:00Z
2020-01-16T19:00:18Z,Binance Royal Pump,NAV,Binance,1,2020-01-16T19:00:00Z
2020-01-18T18:21:37Z,Wolf of trading Signals,NULS,Binance,0,
2020-01-20T16:00:35Z,Binance Royal Pump,BRD,Binance,1,2020-01-20T16:00:00Z
2020-01-30T17:00:06Z,Crypto Pump Island,NULS,Binance,1,2020-01-30T16:59:00Z
2020-01-30T17:29:44Z,Optimus Pump,NXS,Binance,1,2020-01-30T16:30:00Z
2020-02-10T20:00:14Z,Binance Royal Pump,WPR,Binance,1,2020-02-10T20:00:00Z
2020-02-12T09:45:34Z,Crypto Lion's‚Ñ¢,FET,Binance,0,
2020-02-12T16:27:12Z,Crypto Tree üéÑ,FTM,Binance,0,
2020-02-12T18:24:33Z,Crypto Lion's‚Ñ¢,RDN,Binance,0,
2020-02-17T09:33:31Z,Crypto Lion's‚Ñ¢,XTZ,Binance,0,
2020-02-18T13:11:49Z,Crypto Lion's‚Ñ¢,KAVA,Binance,0,
2020-02-18T15:37:03Z,Crypto Lion's‚Ñ¢,KAVA,Binance,0,
2020-02-26T18:00:11Z,Crypto Pump Island,SYS,Binance,1,2020-02-26T18:00:00Z
2020-03-08T18:59:46Z,CryptoFamily Binance,SNGLS,Binance,1,2020-03-08T18:57:00Z
2020-03-09T19:50:45Z,Binance Mega Pump,NAV,Binance,0,
2020-03-12T16:00:05Z,Crypto Pump Island,QLC,Binance,1,2020-03-12T16:00:00Z
2020-03-12T19:00:17Z,Binance Royal Pump,POA,Binance,1,2020-03-12T19:01:00Z
2020-03-13T16:00:07Z,Crypto Pump Island,TCT,Binance,0,
2020-03-15T20:00:13Z,Binance Royal Pump,NEBL,Binance,0,
2020-03-16T15:59:55Z,Binance Mega Pump,NAV,Binance,0,
2020-03-17T15:55:01Z,Binance Royal Pump,BNT,Binance,0,
2020-03-17T17:00:02Z,Binance Mega Pump,RLC,Binance,0,
2020-03-18T19:00:03Z,CryptoFamily Binance,LUN,Binance,1,2020-03-18T19:00:00Z
2020-03-18T19:00:13Z,Binance Royal Pump,LUN,Binance,1,2020-03-18T19:00:00Z
2020-03-19T15:58:37Z,ùë™ùíêùíäùíè|ùë™ùíêùíÇùíÑùíâ|ùë∫ùíäùíàùíèùíÇùíçùíî,STORJ,Binance,0,
2020-03-21T08:40:18Z,The Bull,MTH,Binance,0,
2020-03-21T16:00:10Z,Binance Royal Pump,TNB,Binance,1,2020-03-21T16:00:00Z
2020-03-24T15:58:48Z,Crypto Pump Island,OAX,Binance,1,2020-03-24T15:58:00Z
2020-03-24T15:59:29Z,premium binance signals turkey,BRD,Binance,1,2020-03-24T15:58:00Z
2020-03-25T15:57:41Z,ùë™ùíêùíäùíè|ùë™ùíêùíÇùíÑùíâ|ùë∫ùíäùíàùíèùíÇùíçùíî,NXS,Binance,1,2020-03-25T15:56:00Z
2020-03-26T15:59:45Z,Binance Royal Pump,EDO,Binance,1,2020-03-26T15:52:00Z
2020-03-31T13:00:07Z,Binance Mega Pump,NEBL,Binance,1,2020-03-31T12:58:00Z
2020-04-01T11:58:52Z,Binance Waves,SNGLS,Binance,1,2020-04-01T11:58:00Z
2020-04-02T16:00:05Z,Binance Royal Pump,GRS,Binance,1,2020-04-02T16:00:00Z
2020-04-03T18:00:54Z,Coin Pump Crew ‚ú™,ARK,Binance,1,2020-04-03T17:59:00Z
2020-04-04T15:58:24Z,Binance Royal Pump,GVT,Binance,1,2020-04-04T15:58:00Z
2020-04-07T18:00:05Z,CryptoFamily Binance,ARN,Binance,1,2020-04-07T18:00:00Z
2020-04-07T18:00:13Z,Binance Royal Pump,ARN,Binance,1,2020-04-07T18:00:00Z
2020-04-10T15:58:24Z,Binance Royal Pump,ELF,Binance,1,2020-04-10T15:58:00Z
2020-04-10T16:00:05Z,Binance Waves,GNT,Binance,1,2020-04-10T16:00:00Z
2020-04-13T09:57:31Z,The Bull,NKN,Binance,0,
2020-04-13T11:58:52Z,Binance Mega Pump,VITE,Binance,1,2020-04-13T11:58:00Z
2020-04-14T16:00:31Z,Crypto Pump Island,MITH,Binance,0,
2020-04-15T15:56:46Z,Binance Royal Pump,GVT,Binance,1,2020-04-15T15:56:00Z
2020-04-20T16:00:07Z,Binance Royal Pump,RLC,Binance,1,2020-04-20T15:39:00Z
2020-04-24T15:59:29Z,Crypto Pump Island,BNT,Binance,1,2020-04-24T15:59:00Z
2020-05-03T17:30:01Z,Binance Mega Pump,PPT,Binance,1,2020-05-03T16:33:00Z
2020-05-04T19:01:15Z,CryptoFamily Binance,MDA,Binance,1,2020-05-04T19:01:00Z
2020-05-04T19:01:23Z,Binance Royal Pump,MDA,Binance,1,2020-05-04T19:01:00Z
2020-05-04T19:02:05Z,CryptoFamily Binance,MDA,Binance,0,
2020-05-05T16:00:14Z,Crypto Pump Island,CVC,Binance,1,2020-05-05T15:59:00Z
2020-05-09T16:00:29Z,Crypto Pump Island,AST,Binance,1,2020-05-09T16:00:00Z
2020-05-14T16:00:17Z,Crypto Pump Island,YOYO,Binance,1,2020-05-14T15:59:00Z
2020-05-21T15:59:30Z,Crypto Pump Island,GTO,Binance,1,2020-05-21T15:00:00Z
2020-05-26T16:00:07Z,Binance Waves,ONG,Binance,1,2020-05-26T16:00:00Z
2020-05-29T15:59:46Z,Binance Waves,VIA,Binance,1,2020-05-29T15:59:00Z
2020-05-29T16:00:06Z,CryptoFamily Binance,VIA,Binance,1,2020-05-29T15:59:00Z
2020-05-30T15:32:25Z,Crypto Profit Coach‚Ñ¢,GXS,Binance,0,
2020-05-30T16:00:14Z,Whales Crypto Guide,NAS,Binance,1,2020-05-30T16:00:00Z
2020-05-30T16:00:15Z,CryptoFamily Binance,NAS,Binance,1,2020-05-30T16:00:00Z
2020-06-02T16:00:26Z,ùë™ùíêùíäùíè|ùë™ùíêùíÇùíÑùíâ|ùë∫ùíäùíàùíèùíÇùíçùíî,ARK,Binance,1,2020-06-02T16:00:00Z
2020-06-03T16:00:35Z,Crypto Pump Island,CTXC,Binance,1,2020-06-03T16:00:00Z
2020-06-04T14:59:46Z,premium binance signals turkey,OAX,Binance,1,2020-06-04T14:59:00Z
2020-06-08T16:06:12Z,Crypto Pump Island,PPT,Binance,1,2020-06-08T16:05:00Z
2020-06-10T16:00:03Z,Crypto Pump Island,VIA,Binance,1,2020-06-10T15:58:00Z
2020-06-13T16:00:18Z,CryptoFamily Binance,QSP,Binance,1,2020-06-13T16:00:00Z
2020-06-14T16:00:08Z,Binance Pump Tracker‚Ñ¢,NEBL,Binance,1,2020-06-14T16:00:00Z
2020-06-14T21:13:17Z,Crypto Pump üáßüá∑ - Canal,NEBL,Binance,0,
2020-06-15T08:26:50Z,Crypto Ninja Coach | Official‚Ñ¢,CTXC,Binance,0,
2020-06-15T11:45:41Z,Crypto Ninja Coach | Official‚Ñ¢,BCPT,Binance,0,
2020-06-15T14:09:03Z,Crypto Ninja Coach | Official‚Ñ¢,BCPT,Binance,0,
2020-06-15T16:00:24Z,Binance Royal Pump,GXS,Binance,1,2020-06-15T15:59:00Z
2020-06-16T08:39:04Z,Crypto Ninja Coach | Official‚Ñ¢,GVT,Binance,0,
2020-06-16T11:30:20Z,Crypto Ninja Coach | Official‚Ñ¢,SKY,Binance,1,2020-06-16T11:30:00Z
2020-06-16T14:40:24Z,Crypto Ninja Coach | Official‚Ñ¢,PIVX,Binance,0,
2020-06-16T16:00:10Z,premium binance signals turkey,HC,Binance,1,2020-06-16T15:59:00Z
2020-06-18T08:24:40Z,Crypto Ninja Coach | Official‚Ñ¢,ONG,Binance,0,
2020-06-18T16:52:32Z,Crypto Ninja Coach | Official‚Ñ¢,VIA,Binance,0,
2020-06-19T07:16:26Z,Crypto Ninja Coach | Official‚Ñ¢,NEBL,Binance,0,
2020-06-19T14:24:55Z,Crypto Ninja Coach | Official‚Ñ¢,SYS,Binance,0,
2020-06-20T10:48:42Z,Crypto Ninja Coach | Official‚Ñ¢,WAN,Binance,0,
2020-06-20T18:27:07Z,Crypto Ninja Coach | Official‚Ñ¢,SYS,Binance,0,
2020-06-23T13:49:44Z,Crypto Ninja Coach | Official‚Ñ¢,NEBL,Binance,0,
2020-06-23T17:16:00Z,Crypto Ninja Coach | Official‚Ñ¢,VIA,Binance,0,
2020-06-24T10:04:13Z,Binance Moon Pump‚Ñ¢,PPT,Binance,0,
2020-06-24T16:00:22Z,Crypto Pump Island,EVX,Binance,1,2020-06-24T16:00:00Z
2020-06-24T18:10:26Z,Binance Moon Pump‚Ñ¢,NEBL,Binance,0,
2020-06-25T13:42:47Z,Binance Pump Tracker‚Ñ¢,OAX,Binance,0,
2020-06-25T15:30:54Z,Binance Moon Pump‚Ñ¢,STPT,Binance,1,2020-06-25T15:31:00Z
2020-06-25T16:03:49Z,Binance Waves,AMB,Binance,0,
2020-06-26T17:59:46Z,Crypto Profit Coach‚Ñ¢,SYS,Binance,0,
2020-06-26T18:39:20Z,Binance Moon Pump‚Ñ¢,NKN,Binance,0,
2020-06-27T12:24:00Z,Binance Moon Pump‚Ñ¢,ELF,Binance,0,
2020-06-28T13:24:17Z,Binance Moon Pump‚Ñ¢,LUN,Binance,0,
2020-06-28T14:23:36Z,Binance Moon Pump‚Ñ¢,ADX,Binance,0,
2020-06-28T16:00:07Z,CryptoFamily Binance,OAX,Binance,1,2020-06-28T16:00:00Z
2020-06-28T16:00:08Z,Binance Pump Tracker‚Ñ¢,OAX,Binance,1,2020-06-28T16:00:00Z
2020-06-28T16:00:09Z,Whales Crypto Guide,OAX,Binance,1,2020-06-28T16:00:00Z
2020-06-29T09:20:55Z,Crypto World Coach‚Ñ¢,NXS,Binance,0,
2020-06-29T13:02:18Z,Binance Moon Pump‚Ñ¢,NAV,Binance,0,
2020-06-29T14:48:00Z,Binance Moon Pump‚Ñ¢,CTXC,Binance,0,
2020-06-29T15:07:57Z,Crypto World Coach‚Ñ¢,GRS,Binance,0,
2020-06-29T16:00:26Z,Binance Royal Pump,QSP,Binance,1,2020-06-29T16:00:00Z
2020-06-30T13:35:36Z,Crypto World Coach‚Ñ¢,EVX,Binance,0,
2020-07-01T11:12:09Z,Binance Moon Pump‚Ñ¢,GAS,Binance,0,
2020-07-01T12:00:03Z,Crypto World Coach‚Ñ¢,XLM,Binance,0,
2020-07-02T09:23:52Z,Binance Moon Pump‚Ñ¢,GAS,Binance,0,
2020-07-02T11:24:23Z,Binance Moon Pump‚Ñ¢,BTS,Binance,1,2020-07-02T11:16:00Z
2020-07-02T13:08:26Z,Binance Moon Pump‚Ñ¢,TFUEL,Binance,0,
2020-07-02T14:39:13Z,Binance Moon Pump‚Ñ¢,AION,Binance,0,
2020-07-03T11:00:13Z,Binance Moon Pump‚Ñ¢,NXS,Binance,0,
2020-07-04T03:42:05Z,Binance Moon Pump‚Ñ¢,INS,Binance,0,
2020-07-04T13:31:42Z,Binance Moon Pump‚Ñ¢,STPT,Binance,0,
2020-07-04T15:43:25Z,Crypto World Coach‚Ñ¢,HC,Binance,0,
2020-07-04T15:43:36Z,Binance Moon Pump‚Ñ¢,HC,Binance,0,
2020-07-04T16:00:22Z,Crypto Binance Trading | Signals & Pumps,GVT,Binance,1,2020-07-04T16:00:00Z
2020-07-05T15:49:59Z,Binance Moon Pump‚Ñ¢,REQ,Binance,0,
2020-07-05T19:01:30Z,Binance Pump Tracker‚Ñ¢,ARDR,Binance,0,
2020-07-05T19:01:35Z,Binance Moon Pump‚Ñ¢,ARDR,Binance,0,
2020-07-05T19:48:20Z,Binance Moon Pump‚Ñ¢,WTC,Binance,0,
2020-07-06T09:51:01Z,Binance Moon Pump‚Ñ¢,ARN,Binance,0,
2020-07-06T13:45:43Z,Binance Moon Pump‚Ñ¢,STORJ,Binance,0,
2020-07-07T13:58:14Z,Binance Moon Pump‚Ñ¢,BQX,Binance,0,
2020-07-07T15:04:18Z,Crypto World Coach‚Ñ¢,SYS,Binance,0,
2020-07-07T15:06:00Z,Binance Moon Pump‚Ñ¢,SYS,Binance,0,
2020-07-07T15:33:51Z,Binance Moon Pump‚Ñ¢,CTXC,Binance,0,
2020-07-07T16:00:07Z,Binance Pump Tracker‚Ñ¢,ADX,Binance,1,2020-07-07T16:00:00Z
2020-07-07T17:34:43Z,Binance Moon Pump‚Ñ¢,GNT,Binance,0,
2020-07-08T13:47:58Z,Binance Moon Pump‚Ñ¢,BLZ,Binance,0,
2020-07-08T22:56:26Z,Binance Moon Pump‚Ñ¢,OMG,Binance,0,
2020-07-09T08:23:25Z,Binance Moon Pump‚Ñ¢,EVX,Binance,0,
2020-07-10T09:28:24Z,Binance Moon Pump‚Ñ¢,POWR,Binance,0,
2020-07-10T14:47:59Z,Crypto World Coach‚Ñ¢,NAS,Binance,0,
2020-07-10T14:49:06Z,Binance Moon Pump‚Ñ¢,NAS,Binance,0,
2020-07-10T15:07:14Z,Crypto World Coach‚Ñ¢,CTXC,Binance,0,
2020-07-10T15:07:21Z,Binance Moon Pump‚Ñ¢,CTXC,Binance,0,
2020-07-10T15:15:40Z,Binance Moon Pump‚Ñ¢,NXS,Binance,0,
2020-07-11T08:59:18Z,Binance Pump Tracker‚Ñ¢,WRX,Binance,0,
2020-07-11T08:59:23Z,Binance Moon Pump‚Ñ¢,WRX,Binance,0,
2020-07-11T13:53:43Z,Binance Moon Pump‚Ñ¢,KMD,Binance,0,
2020-07-12T05:18:40Z,Whales Crypto Guide,IOTX,Binance,1,2020-07-12T05:16:00Z
2020-07-12T08:36:04Z,Binance Pump Tracker‚Ñ¢,MITH,Binance,0,
2020-07-12T08:36:09Z,Binance Moon Pump‚Ñ¢,MITH,Binance,0,
2020-07-13T15:55:27Z,Bitcoin Pump Group,SNM,Binance,0,
2020-07-14T12:41:15Z,Binance Pump Tracker‚Ñ¢,POA,Binance,0,
2020-07-14T13:31:12Z,Binance Moon Pump‚Ñ¢,POA,Binance,0,
2020-07-14T16:39:48Z,Binance Pump Tracker‚Ñ¢,SKY,Binance,0,
2020-07-15T07:17:46Z,Binance Moon Pump‚Ñ¢,CVC,Binance,0,
2020-07-16T18:00:02Z,Crypto Pump Squad,SYS,Binance,1,2020-07-16T18:00:00Z
2020-07-16T18:00:08Z,CryptoFamily Binance,SYS,Binance,1,2020-07-16T18:00:00Z
2020-07-16T19:32:49Z,Binance Moon Pump‚Ñ¢,HC,Binance,0,
2020-07-17T14:25:43Z,Binance Moon Pump‚Ñ¢,PIVX,Binance,0,
2020-07-18T08:03:15Z,Binance Moon Pump‚Ñ¢,WTC,Binance,0,
2020-07-18T12:30:47Z,Binance Moon Pump‚Ñ¢,INS,Binance,0,
2020-07-18T13:06:49Z,Binance Moon Pump‚Ñ¢,QSP,Binance,0,
2020-07-18T14:56:29Z,Binance Moon Pump‚Ñ¢,STX,Binance,0,
2020-07-19T09:39:29Z,Binance Moon Pump‚Ñ¢,ONG,Binance,0,
2020-07-19T15:17:36Z,üöÄ Cryptex Pumps,SYS,Binance,0,
2020-07-19T20:01:21Z,Binance Moon Pump‚Ñ¢,INS,Binance,0,
2020-07-20T14:05:39Z,Binance Moon Pump‚Ñ¢,POWR,Binance,0,
2020-07-21T13:06:17Z,Binance Moon Pump‚Ñ¢,QSP,Binance,0,
2020-07-21T13:32:39Z,Binance Moon Pump‚Ñ¢,OAX,Binance,0,
2020-07-21T16:00:11Z,2018,NXS,Binance,1,2020-07-21T16:00:00Z
2020-07-21T21:04:34Z,Whales Crypto Guide,LTO,Binance,0,
2020-07-22T10:29:20Z,Binance Moon Pump‚Ñ¢,STEEM,Binance,0,
2020-07-22T16:00:57Z,Binance Royal Pump,SNT,Binance,0,
2020-07-22T18:30:52Z,Binance Moon Pump‚Ñ¢,TNT,Binance,0,
2020-07-23T03:21:49Z,Binance Pump Tracker‚Ñ¢,STMX,Binance,0,
2020-07-23T03:21:54Z,Binance Moon Pump‚Ñ¢,STMX,Binance,0,
2020-07-23T18:25:03Z,Binance Moon Pump‚Ñ¢,MANA,Binance,0,
2020-07-23T22:32:22Z,üöÄ Cryptex Pumps,VIA,Binance,0,
2020-07-24T15:59:45Z,The Crypto Express.,WAN,Binance,0,
2020-07-24T17:00:12Z,Binance Royal Pump,ELF,Binance,1,2020-07-24T17:00:00Z
2020-07-27T00:40:24Z,Binance Moon Pump‚Ñ¢,MTH,Binance,0,
2020-07-28T14:40:59Z,Binance Moon Pump‚Ñ¢,MATIC,Binance,0,
2020-07-28T15:05:49Z,Binance Moon Pump‚Ñ¢,POLY,Binance,0,
2020-07-28T16:00:55Z,Crypto Pump Island,POA,Binance,0,
2020-07-28T16:04:40Z,Binance Moon Pump‚Ñ¢,CTXC,Binance,0,
2020-07-28T18:01:42Z,Binance Moon Pump‚Ñ¢,STPT,Binance,0,
2020-07-28T19:04:26Z,Binance Moon Pump‚Ñ¢,CVC,Binance,0,
2020-07-29T09:09:54Z,Binance Moon Pump‚Ñ¢,BTS,Binance,0,
2020-07-29T11:28:51Z,Whales Crypto Guide,MBL,Binance,0,
2020-07-29T13:04:07Z,Binance Moon Pump‚Ñ¢,OST,Binance,0,
2020-07-29T17:49:14Z,Binance Moon Pump‚Ñ¢,APPC,Binance,0,
2020-07-30T18:00:06Z,Crypto Pump Squad,VIB,Binance,1,2020-07-30T18:00:00Z
2020-07-30T18:00:19Z,Binance Royal Pump,VIB,Binance,1,2020-07-30T18:00:00Z
2020-08-02T16:00:12Z,2018,NXS,Binance,1,2020-08-02T16:00:00Z
2020-08-02T17:55:56Z,Binance Pump Tracker‚Ñ¢,MBL,Binance,0,
2020-08-02T19:12:24Z,Binance Moon Pump‚Ñ¢,XEM,Binance,0,
2020-08-03T10:08:13Z,Binance Moon Pump‚Ñ¢,PPT,Binance,0,
2020-08-03T13:00:19Z,Binance Moon Pump‚Ñ¢,BAND,Binance,0,
2020-08-03T17:46:57Z,Binance Moon Pump‚Ñ¢,PIVX,Binance,0,
2020-08-04T18:00:03Z,Crypto Pump Squad,PPT,Binance,1,2020-08-04T18:00:00Z
2020-08-04T18:00:06Z,CryptoFamily Binance,PPT,Binance,1,2020-08-04T18:00:00Z
2020-08-04T19:38:42Z,Binance Moon Pump‚Ñ¢,BAT,Binance,0,
2020-08-05T13:31:15Z,premium binance signals turkey,CTXC,Binance,1,2020-08-05T12:49:00Z
2020-08-07T16:30:28Z,Binance Moon Pump‚Ñ¢,GXS,Binance,0,
2020-08-07T16:59:30Z,Crypto Ninja Coach | Official‚Ñ¢,GXS,Binance,1,2020-08-07T16:59:00Z
2020-08-07T17:18:02Z,Binance Pump Tracker‚Ñ¢,AION,Binance,0,
2020-08-08T18:18:38Z,Binance Moon Pump‚Ñ¢,MTL,Binance,0,
2020-08-09T06:10:02Z,Binance Moon Pump‚Ñ¢,QTUM,Binance,0,
2020-08-09T06:33:53Z,Binance Moon Pump‚Ñ¢,LSK,Binance,0,
2020-08-09T19:09:35Z,Binance Pump Tracker‚Ñ¢,SNGLS,Binance,0,
2020-08-10T06:24:28Z,Binance Moon Pump‚Ñ¢,NANO,Binance,0,
2020-08-10T07:56:32Z,Binance Moon Pump‚Ñ¢,WAN,Binance,0,
2020-08-10T08:17:59Z,Binance Pump Tracker‚Ñ¢,BTS,Binance,0,
2020-08-10T08:45:58Z,Binance Moon Pump‚Ñ¢,WABI,Binance,0,
2020-08-10T18:17:01Z,Whales Crypto Guide,QTUM,Binance,0,
2020-08-11T10:13:55Z,Binance Moon Pump‚Ñ¢,STMX,Binance,0,
2020-08-11T11:00:50Z,Binance Moon Pump‚Ñ¢,TFUEL,Binance,0,
2020-08-11T12:39:02Z,Binance Moon Pump‚Ñ¢,VIA,Binance,0,
2020-08-12T02:55:53Z,Binance Moon Pump‚Ñ¢,WRX,Binance,0,
2020-08-12T12:13:06Z,Binance Moon Pump‚Ñ¢,PHB,Binance,0,
2020-08-12T12:26:04Z,Binance Moon Pump‚Ñ¢,WPR,Binance,0,
2020-08-12T13:14:18Z,Binance Moon Pump‚Ñ¢,SNM,Binance,0,
2020-08-12T17:33:53Z,Binance Moon Pump‚Ñ¢,APPC,Binance,0,
2020-08-12T18:05:33Z,Binance Moon Pump‚Ñ¢,MTH,Binance,0,
2020-08-13T19:26:19Z,Binance Moon Pump‚Ñ¢,CVC,Binance,0,
2020-08-14T08:28:37Z,Binance Moon Pump‚Ñ¢,ZRX,Binance,0,
2020-08-15T13:49:33Z,Binance Pump Tracker‚Ñ¢,SC,Binance,0,
2020-08-16T11:09:34Z,Binance Moon Pump‚Ñ¢,SNGLS,Binance,0,
2020-08-16T12:04:07Z,Binance Moon Pump‚Ñ¢,TFUEL,Binance,0,
2020-08-16T14:24:17Z,Binance Moon Pump‚Ñ¢,BCPT,Binance,0,
2020-08-17T07:21:34Z,Binance Moon Pump‚Ñ¢,POWR,Binance,0,
2020-08-17T07:58:47Z,Trading Crypto Coach¬Æ,QTUM,Binance,0,
2020-08-17T09:13:17Z,Binance Moon Pump‚Ñ¢,TCT,Binance,0,
2020-08-20T10:32:45Z,Binance Moon Pump‚Ñ¢,WPR,Binance,0,
2020-08-20T12:22:41Z,Binance Moon Pump‚Ñ¢,OST,Binance,0,
2020-08-20T15:20:00Z,Binance Moon Pump‚Ñ¢,NXS,Binance,0,
2020-08-20T17:21:19Z,Binance Moon Pump‚Ñ¢,STORJ,Binance,0,
2020-08-21T09:28:05Z,Binance Moon Pump‚Ñ¢,GAS,Binance,0,
2020-08-22T14:35:23Z,Binance Pump Tracker‚Ñ¢,AE,Binance,0,
2020-08-22T16:47:53Z,Binance Moon Pump‚Ñ¢,XEM,Binance,0,
2020-08-24T13:41:29Z,Trading Crypto Coach¬Æ,WAVES,Binance,0,
2020-08-24T13:53:24Z,Binance Moon Pump‚Ñ¢,MITH,Binance,0,
2020-08-24T17:03:14Z,Crypto Profit Coach‚Ñ¢,CHR,Binance,0,
2020-08-25T18:00:03Z,Crypto Pump Squad,RDN,Binance,1,2020-08-25T18:00:00Z
2020-08-26T13:01:44Z,Whales Crypto Guide,ONT,Binance,0,
2020-08-26T16:32:02Z,premium binance signals turkey,VIA,Binance,0,
2020-08-26T16:34:56Z,Binance Moon Pump‚Ñ¢,LSK,Binance,0,
2020-09-06T16:00:49Z,Crypto Pump Island,QLC,Binance,1,2020-09-06T16:00:00Z
2020-09-10T13:47:45Z,Binance Moon Pump‚Ñ¢,TROY,Binance,0,
2020-09-10T17:43:10Z,Binance Moon Pump‚Ñ¢,DNT,Binance,0,
2020-09-10T18:00:31Z,Crypto Pump Island,QSP,Binance,1,2020-09-10T18:00:00Z
2020-09-11T16:02:49Z,Binance Moon Pump‚Ñ¢,SNT,Binance,0,
2020-09-17T18:00:25Z,Crypto Pump Island,GVT,Binance,1,2020-09-17T17:59:00Z
2020-09-30T17:00:03Z,Crypto Pump Island,GVT,Binance,1,2020-09-30T16:59:00Z
2020-10-05T19:19:32Z,Binance Moon Pump‚Ñ¢,TCT,Binance,0,
2020-10-17T16:00:06Z,Crypto Pump Squad,RDN,Binance,1,2020-10-17T16:00:00Z
2020-10-18T18:00:23Z,Crypto Pump Island,OAX,Binance,1,2020-10-18T18:00:00Z
2020-10-19T03:09:29Z,Binance Moon Pump‚Ñ¢,STMX,Binance,0,
2020-10-21T18:00:13Z,CryptoFamily Binance,PPT,Binance,0,
2020-10-30T16:00:37Z,Crypto Pump Island,DUSK,Binance,1,2020-10-30T16:00:00Z
2020-11-01T18:00:10Z,Crypto Pump Squad,YOYO,Binance,1,2020-11-01T18:00:00Z
2020-11-02T16:00:40Z,Crypto Pump Island,ARDR,Binance,1,2020-11-02T16:00:00Z
2020-11-03T16:00:14Z,Crypto Pump Island,GTO,Binance,1,2020-11-03T16:00:00Z
2020-11-04T17:00:22Z,Crypto Pump Island,APPC,Binance,1,2020-11-04T17:00:00Z
2020-11-05T16:00:04Z,Crypto Pump Squad,OAX,Binance,1,2020-11-05T15:01:00Z
2020-11-06T20:00:10Z,Crypto Pump Squad,NXS,Binance,1,2020-11-06T20:00:00Z
2020-11-09T04:12:49Z,Binance Moon Pump‚Ñ¢,CTXC,Binance,0,
2020-11-09T16:00:27Z,Crypto Pump Island,BRD,Binance,1,2020-11-09T16:00:00Z
2020-11-09T18:35:43Z,Binance Moon Pump‚Ñ¢,IOST,Binance,0,
2020-11-10T16:55:12Z,Binance Moon Pump‚Ñ¢,MTL,Binance,0,
2020-11-10T17:47:30Z,Binance Moon Pump‚Ñ¢,NAV,Binance,0,
2020-11-10T18:26:12Z,Binance Moon Pump‚Ñ¢,GXS,Binance,0,
2020-11-10T19:07:09Z,Binance Moon Pump‚Ñ¢,STEEM,Binance,0,
2020-11-18T18:00:11Z,Today We Push üõ∏,APPC,Binance,1,2020-11-18T18:00:00Z
2020-11-25T17:29:49Z,Binance Moon Pump‚Ñ¢,APPC,Binance,0,
2020-11-25T18:39:03Z,Binance Moon Pump‚Ñ¢,BCPT,Binance,0,
2020-12-02T18:49:28Z,Binance Moon Pump‚Ñ¢,DLT,Binance,0,
2020-12-03T03:11:15Z,Binance Moon Pump‚Ñ¢,BCPT,Binance,0,
2020-12-05T15:53:54Z,Binance Moon Pump‚Ñ¢,NAV,Binance,0,
2020-12-14T15:49:58Z,Binance Moon Pump‚Ñ¢,COS,Binance,0,
2020-12-19T10:02:00Z,Binance Moon Pump‚Ñ¢,HC,Binance,0,
2020-12-20T15:18:19Z,Binance Moon Pump‚Ñ¢,LSK,Binance,0,
2020-12-20T17:27:23Z,Binance Moon Pump‚Ñ¢,DGB,Binance,0,
2020-12-20T18:49:09Z,Binance Moon Pump‚Ñ¢,MBL,Binance,0,
2020-12-20T19:00:12Z,Cryptic Pumps,NAV,Binance,1,2020-12-20T19:00:00Z
2020-12-27T13:07:05Z,Binance Moon Pump‚Ñ¢,APPC,Binance,0,
2020-12-28T16:21:00Z,Binance Moon Pump‚Ñ¢,GXS,Binance,0,
2021-01-18T14:38:48Z,Binance Moon Pump‚Ñ¢,BEAM,Binance,0,
2021-01-18T16:38:46Z,Binance Moon Pump‚Ñ¢,OXT,Binance,0,
2021-01-21T15:48:10Z,Binance Moon Pump‚Ñ¢,APPC,Binance,0,
2021-01-21T17:28:28Z,Binance Moon Pump‚Ñ¢,NAS,Binance,0,
2021-01-23T09:01:34Z,Binance Moon Pump‚Ñ¢,EVX,Binance,0,
2021-01-23T10:08:10Z,Binance Moon Pump‚Ñ¢,RDN,Binance,0,
2021-01-23T13:13:33Z,Binance Moon Pump‚Ñ¢,NXS,Binance,0,
2021-01-23T13:23:19Z,Binance Moon Pump‚Ñ¢,BCPT,Binance,0,
2021-01-23T15:45:06Z,Binance Moon Pump‚Ñ¢,VIA,Binance,0,
2021-01-23T16:49:36Z,Binance Moon Pump‚Ñ¢,WABI,Binance,0,
2021-01-23T17:25:47Z,Binance Moon Pump‚Ñ¢,ARK,Binance,0,
2021-01-28T18:24:00Z,Binance Moon Pump‚Ñ¢,NBS,Binance,0,
2021-01-30T09:13:39Z,Binance Moon Pump‚Ñ¢,CDT,Binance,0,
2021-01-30T10:20:15Z,Binance Moon Pump‚Ñ¢,FOR,Binance,0,
2021-01-30T13:14:10Z,Binance Moon Pump‚Ñ¢,ARK,Binance,0,
2021-01-30T14:21:59Z,Binance Moon Pump‚Ñ¢,VIA,Binance,0,
2021-02-01T17:17:13Z,Binance Moon Pump‚Ñ¢,ONT,Binance,0,
2021-02-02T18:07:52Z,Binance Moon Pump‚Ñ¢,WABI,Binance,0,
2021-02-02T21:07:31Z,Crypto Pump Signals,WING,Binance,0,
2021-02-02T21:08:14Z,Crypto Pump Signals,GRT,Binance,0,
2021-02-03T10:08:22Z,APE crypto,STMX,Binance,0,
2021-02-03T11:14:26Z,APE crypto,EOS,Binance,0,
2021-02-03T18:59:41Z,Binance Moon Pump‚Ñ¢,STEEM,Binance,0,
2021-02-03T19:18:32Z,Binance Moon Pump‚Ñ¢,TRU,Binance,0,
2021-02-03T21:03:21Z,APE crypto,SKY,Binance,0,
2021-02-04T21:18:49Z,Bamp,EOS,Binance,0,
2021-02-04T21:20:03Z,Bamp,SKY,Binance,0,
2021-02-05T17:00:11Z,WallStreetBets Events üõ∏,APPC,Binance,1,2021-02-05T17:00:00Z
2021-02-05T21:00:16Z,Crypto News,VIB,Binance,1,2021-02-05T21:00:00Z
2021-02-05T23:09:56Z,Satoshi Street Bets,VET,Binance,0,
2021-02-05T23:14:11Z,Satoshi Street Bets,EOS,Binance,0,
2021-02-05T23:19:25Z,WallStreetBets üíéüôåüèª,LIT,Binance,0,
2021-02-05T23:23:05Z,WallStreetBets üíéüôåüèª,ZRX,Binance,0,
2021-02-05T23:30:53Z,WallStreetBets üíéüôåüèª,TRX,Binance,0,
2021-02-06T18:00:03Z,APE crypto,BRD,Binance,1,2021-02-06T18:00:00Z
2021-02-07T14:00:00Z,Bored Elon musk,GVT,Binance,1,2021-02-07T14:00:00Z
2021-02-08T19:36:14Z,APE crypto,XVG,Binance,0,
2021-02-08T22:15:41Z,APE crypto,HIVE,Binance,0,
2021-02-09T14:57:52Z,APE crypto,NEO,Binance,0,
2021-02-09T15:29:49Z,APE crypto,MDT,Binance,0,
2021-02-09T16:00:11Z,Crypto Pump Analytics‚Ñ¢,ARDR,Binance,1,2021-02-09T15:58:00Z
2021-02-09T16:07:43Z,Binance Pump Tracker‚Ñ¢,TROY,Binance,0,
2021-02-09T17:28:42Z,APE crypto,EOS,Binance,0,
2021-02-09T19:26:04Z,Binance Waves,MDT,Binance,0,
2021-02-10T04:02:55Z,The Crypto Express.,IRIS,Binance,0,
2021-02-10T04:07:36Z,APE crypto,WAN,Binance,0,
2021-02-10T06:45:37Z,The Crypto Express.,BEL,Binance,0,
2021-02-10T08:48:52Z,Binance Waves,MDT,Binance,0,
2021-02-10T10:47:59Z,APE crypto,EOS,Binance,0,
2021-02-10T14:04:00Z,Whales Crypto Guide,WAN,Binance,0,
2021-02-10T14:44:13Z,The Crypto Express.,CTSI,Binance,0,
2021-02-10T21:00:10Z,Crypto News,MDA,Binance,1,2021-02-10T21:00:00Z
2021-02-10T23:48:44Z,APE crypto,BLZ,Binance,0,
2021-02-11T11:51:37Z,APE crypto,REEF,Binance,0,
2021-02-11T17:40:19Z,APE crypto,CRV,Binance,0,
2021-02-11T19:22:24Z,APE crypto,EOS,Binance,0,
2021-02-12T01:54:42Z,APE crypto,PNT,Binance,0,
2021-02-12T03:43:01Z,APE crypto,EOS,Binance,0,
2021-02-12T10:15:49Z,APE crypto,REEF,Binance,0,
2021-02-12T11:02:47Z,APE crypto,TCT,Binance,0,
2021-02-12T18:35:14Z,Binance Moon Pump‚Ñ¢,POWR,Binance,0,
2021-02-12T23:21:57Z,APE crypto,EOS,Binance,0,
2021-02-13T16:02:32Z,Crypto Pump Analytics‚Ñ¢,ADX,Binance,1,2021-02-13T15:56:00Z
2021-02-13T16:53:17Z,premium binance signals turkey,DASH,Binance,0,
2021-02-13T21:00:17Z,Binance Pump Signals,NEBL,Binance,1,2021-02-13T21:01:00Z
2021-02-14T10:13:01Z,The Crypto Express.,WAVES,Binance,0,
2021-02-15T20:41:16Z,The Bull,REEF,Binance,0,
2021-02-16T17:00:14Z,Crypto VIP Signal‚Ñ¢,VIB,Binance,1,2021-02-16T17:00:00Z
2021-02-17T16:40:30Z,The Crypto Express.,EGLD,Binance,0,
2021-02-18T18:00:09Z,Crypto VIP Signal‚Ñ¢,WPR,Binance,1,2021-02-18T18:00:00Z
2021-02-18T18:50:54Z,Binance Moon Pump‚Ñ¢,WABI,Binance,0,
2021-02-19T05:40:50Z,Whales Crypto Guide,EOS,Binance,0,
2021-02-19T09:42:22Z,Crypto Profit Coach‚Ñ¢,FIO,Binance,0,
2021-02-20T15:36:03Z,Binance Pump Signals,NEBL,Binance,0,
2021-02-20T15:40:16Z,Binance Pump Signals,SKY,Binance,0,
2021-02-20T16:00:05Z,WallStreetBets Crypto Pumps - Investing!,PNT,Binance,1,2021-02-20T16:00:00Z
2021-02-20T16:00:18Z,Binance Pump Signals,SKY,Binance,0,
2021-02-20T16:09:10Z,Binance Pump Signals,COTI,Binance,0,
2021-02-20T16:40:36Z,Binance Pump Signals,WPR,Binance,0,
2021-02-20T17:00:02Z,APE crypto,GVT,Binance,1,2021-02-20T17:00:00Z
2021-02-21T07:07:07Z,Whales Crypto Guide,NXS,Binance,0,
2021-02-21T09:17:36Z,Whales Crypto Guide,CTK,Binance,0,
2021-02-21T16:46:12Z,Binance Pump Signals,PNT,Binance,0,
2021-02-21T17:00:08Z,Binance Royal Pump,NXS,Binance,1,2021-02-21T17:00:00Z
2021-02-21T17:00:22Z,WallStreetBets Crypto Pumps Signals,PIVX,Binance,0,
2021-02-21T17:21:26Z,Binance Moon Pump‚Ñ¢,STPT,Binance,0,
2021-02-22T17:00:10Z,Trading Crypto Coach¬Æ,RDN,Binance,1,2021-02-22T17:00:00Z
2021-02-23T16:00:07Z,Crypto VIP Signal‚Ñ¢,CDT,Binance,1,2021-02-23T16:00:00Z
2021-02-24T14:40:11Z,Binance Moon Pump‚Ñ¢,GXS,Binance,0,
2021-02-24T15:51:53Z,Binance Moon Pump‚Ñ¢,CTXC,Binance,0,
2021-02-24T17:00:01Z,Technical CRYPTO Analyst,BRD,Binance,1,2021-02-24T17:00:00Z
2021-02-27T08:42:08Z,Whales Crypto Guide,ARK,Binance,0,
2021-03-01T16:42:25Z,Binance Pump Tracker‚Ñ¢,OG,Binance,0,
2021-03-01T16:54:48Z,Binance Pump Tracker‚Ñ¢,PSG,Binance,0,
2021-03-01T17:00:03Z,Technical CRYPTO Analyst,MTH,Binance,1,2021-03-01T17:00:00Z
2021-03-02T13:31:14Z,Binance Moon Pump‚Ñ¢,ANT,Binance,0,
2021-03-03T02:52:37Z,Binance Moon Pump‚Ñ¢,IRIS,Binance,0,
2021-03-03T02:56:06Z,Whales Crypto Guide,POWR,Binance,0,
2021-03-03T17:59:29Z,Binance Moon Pump‚Ñ¢,ELF,Binance,0,
2021-03-04T14:21:10Z,premium binance signals turkey,UMA,Binance,0,
2021-03-05T16:00:01Z,Technical CRYPTO Analyst,GRS,Binance,1,2021-03-05T16:00:00Z
2021-03-06T07:36:17Z,Whales Crypto Guide,WABI,Binance,0,
2021-03-06T08:43:44Z,Whales Crypto Guide,SC,Binance,0,
2021-03-06T13:59:35Z,Whales Crypto Guide,PPT,Binance,0,
2021-03-07T16:00:34Z,Crypto Pump Analytics‚Ñ¢,BTS,Binance,1,2021-03-07T16:01:00Z
2021-03-07T17:00:04Z,Today We Push üõ∏,PPT,Binance,1,2021-03-07T17:00:00Z
2021-03-09T11:01:17Z,Binance Moon Pump‚Ñ¢,ANT,Binance,0,
2021-03-09T14:36:24Z,Binance Pump Tracker‚Ñ¢,YOYO,Binance,0,
2021-03-09T15:24:55Z,Binance Moon Pump‚Ñ¢,AST,Binance,0,
2021-03-10T16:00:06Z,premium binance signals turkey,NXS,Binance,1,2021-03-10T16:00:00Z
2021-03-11T04:50:06Z,Crypto Trader,REEF,Binance,0,
2021-03-11T10:38:19Z,Binance Pump Tracker‚Ñ¢,NAS,Binance,0,
2021-03-11T13:10:28Z,Whales Crypto Guide,BLZ,Binance,0,
2021-03-12T08:21:23Z,APE crypto,CHZ,Binance,0,
2021-03-12T12:03:53Z,Whales Crypto Guide,OCEAN,Binance,0,
2021-03-13T16:59:30Z,Binance Signal VIP,ASR,Binance,1,2021-03-13T16:59:00Z
2021-03-13T16:59:54Z,Crypto Pump Analytics‚Ñ¢,VIA,Binance,0,
2021-03-14T09:32:50Z,APE crypto,SKL,Binance,0,
2021-03-14T09:56:51Z,SPECTRE GRP | CHAT,POND,Binance,0,
2021-03-14T15:31:58Z,Binance Waves,MDT,Binance,0,
2021-03-14T17:00:03Z,WallStreetBets | KuCoin Pumps,NAV,Binance,1,2021-03-14T17:00:00Z
2021-03-14T18:53:13Z,The Crypto Express.,PSG,Binance,0,
2021-03-14T19:00:00Z,WallStreetBets Crypto Pumps - Investing!,RDN,Binance,1,2021-03-14T19:02:00Z
2021-03-16T10:05:36Z,Binance Pump Tracker‚Ñ¢,AST,Binance,0,
2021-03-17T04:04:46Z,The Crypto Express.,TROY,Binance,0,
2021-03-17T13:19:38Z,Whales Crypto Guide,MATIC,Binance,0,
2021-03-17T14:03:01Z,Whales Crypto Guide,SXP,Binance,0,
2021-03-17T16:59:51Z,Binance Signal VIP,VIA,Binance,1,2021-03-17T17:01:00Z
2021-03-17T17:09:37Z,Binance Moon Pump‚Ñ¢,STEEM,Binance,0,
2021-03-17T21:26:31Z,Yo Crypto 2.0,ZRX,Binance,0,
2021-03-18T17:00:14Z,Binance Royal Pump,CTXC,Binance,1,2021-03-18T17:00:00Z
2021-03-19T09:04:36Z,The Bull,GTO,Binance,0,
2021-03-20T05:16:20Z,Binance Moon Pump‚Ñ¢,AST,Binance,0,
2021-03-20T10:45:22Z,Whales Crypto Guide,MDT,Binance,1,2021-03-20T09:46:00Z
2021-03-20T17:33:02Z,provacoin,ZRX,Binance,0,
2021-03-20T18:55:54Z,Whales Crypto Guide,NAV,Binance,0,
2021-03-20T21:17:55Z,provacoin,DEGO,Binance,0,
2021-03-21T15:36:33Z,Whales Crypto Guide,LINK,Binance,0,
2021-03-21T15:47:42Z,Binance Pump Tracker‚Ñ¢,IDEX,Binance,0,
2021-03-22T07:31:45Z,Crypto Trader,KNC,Binance,0,
2021-03-22T11:18:17Z,Binance Pump Tracker‚Ñ¢,AST,Binance,0,
2021-03-22T11:29:27Z,Binance Moon Pump‚Ñ¢,POWR,Binance,0,
2021-03-23T17:00:09Z,WallStreetBets Crypto Pumps - Investing!,APPC,Binance,1,2021-03-23T16:01:00Z
2021-03-23T17:06:52Z,provacoin,ONT,Binance,0,
2021-03-23T17:25:16Z,Binance Moon Pump‚Ñ¢,WTC,Binance,0,
2021-03-24T04:34:34Z,Binance Pump Tracker‚Ñ¢,AST,Binance,0,
2021-03-24T12:36:41Z,Whales Crypto Guide,REQ,Binance,0,
2021-03-26T16:07:34Z,Whales Crypto Guide,MATIC,Binance,0,
2021-03-26T17:00:01Z,WallStreetBets ¬Æ,NAV,Binance,0,
2021-03-26T18:00:59Z,Binance Moon Pump‚Ñ¢,NMR,Binance,0,
2021-03-26T19:15:30Z,Whales Crypto Forex trading,VIA,Binance,0,
2021-03-26T19:36:28Z,Whales Crypto Forex trading,COTI,Binance,0,
2021-03-27T15:20:42Z,Binance Moon Pump‚Ñ¢,STEEM,Binance,0,
2021-03-27T16:19:47Z,Whales Crypto Guide,VIA,Binance,0,
2021-03-27T16:50:01Z,The Crypto Express.,NAV,Binance,0,
2021-03-27T17:00:11Z,Binance Signal VIP,ATM,Binance,1,2021-03-27T17:00:00Z
2021-03-27T20:00:14Z,Mountain Pumps Announcements,GVT,Binance,1,2021-03-27T20:00:00Z
2021-03-28T14:16:01Z,Binance Moon Pump‚Ñ¢,WNXM,Binance,0,
2021-03-28T16:00:04Z,Crypto Pump Analytics‚Ñ¢,LRC,Binance,0,
2021-03-28T16:36:55Z,PUMPPOLAND,ATM,Binance,0,
2021-03-28T17:00:04Z,WallStreetBets ¬Æ,PIVX,Binance,1,2021-03-28T17:00:00Z
2021-03-28T21:54:29Z,Binance pump,PIVX,Binance,0,
2021-03-29T17:21:42Z,Whales Crypto Guide,REEF,Binance,0,
2021-03-30T03:31:33Z,Crypto Trader,WAN,Binance,0,
2021-03-30T05:25:04Z,Binance Moon Pump‚Ñ¢,ANT,Binance,0,
2021-03-30T10:11:17Z,Whales Crypto Guide,STRAX,Binance,0,
2021-03-30T13:06:48Z,Whales Crypto Guide,OM,Binance,0,
2021-03-30T14:56:39Z,Cryptonians (Free Signals and News Update),NEAR,Binance,1,2021-03-30T14:54:00Z
2021-03-30T16:48:20Z,Pro Analysis,STORJ,Binance,0,
2021-03-31T14:11:50Z,Binance Moon Pump‚Ñ¢,BTG,Binance,0,
2021-04-01T08:03:15Z,Cryptonians (Free Signals and News Update),POWR,Binance,0,
2021-04-01T17:26:38Z,The Bull,EOS,Binance,0,
2021-04-03T00:05:19Z,Binance Moon Pump‚Ñ¢,LSK,Binance,0,
2021-04-03T17:00:07Z,Elon Mars Pumps,ASR,Binance,0,
2021-04-04T03:03:44Z,Binance Moon Pump‚Ñ¢,AST,Binance,0,
2021-04-04T16:00:03Z,WallStreetBets Crypto Pumps - Investing!,VIA,Binance,0,
2021-04-04T16:00:52Z,Crypto Pump Analytics‚Ñ¢,CTXC,Binance,0,
2021-04-05T10:22:02Z,The Bull,SXP,Binance,0,
2021-04-05T16:06:21Z,Cryptonians (Free Signals and News Update),KAVA,Binance,0,
2021-04-06T17:47:30Z,Binance Moon Pump‚Ñ¢,ACM,Binance,0,
2021-04-06T18:12:20Z,Whales Crypto Guide,STRAX,Binance,0,
2021-04-07T17:31:07Z,Binance Moon Pump‚Ñ¢,SUSD,Binance,0,
2021-04-09T07:16:33Z,premium binance signals turkey,LINA,Binance,0,
2021-04-09T07:49:57Z,Whales Crypto Guide,DEGO,Binance,0,
2021-04-09T09:04:36Z,Whales Crypto Guide,FIL,Binance,0,
2021-04-09T12:33:02Z,Prova bot 2,ROSE,Binance,0,
2021-04-10T05:45:56Z,Whales Crypto Guide,ARPA,Binance,0,
2021-04-10T18:43:03Z,Whales Crypto Guide,NEBL,Binance,0,
2021-04-11T17:00:05Z,Crypto Binance Trading | Signals & Pumps,VIA,Binance,1,2021-04-11T17:00:00Z
2021-04-12T17:00:20Z,Binance Royal Pump,ONG,Binance,1,2021-04-12T17:00:00Z
2021-04-14T23:08:32Z,Binance Moon Pump‚Ñ¢,APPC,Binance,0,
2021-04-15T04:15:24Z,Binance Moon Pump‚Ñ¢,WABI,Binance,0,
2021-04-15T05:23:43Z,Binance Moon Pump‚Ñ¢,NAV,Binance,0,
2021-04-15T06:58:11Z,Crypto Profit Coach‚Ñ¢,ELF,Binance,0,
2021-04-15T11:29:53Z,Whales Crypto Guide,BAND,Binance,0,
2021-04-15T18:00:10Z,premium binance signals turkey,CDT,Binance,1,2021-04-15T18:00:00Z
2021-04-17T03:34:12Z,Binance Moon Pump‚Ñ¢,CTXC,Binance,0,
2021-04-17T17:00:01Z,Binance Signal VIP,OG,Binance,1,2021-04-17T16:01:00Z
2021-04-17T17:00:12Z,Elon Mars Pumps,ASR,Binance,0,
2021-04-17T17:59:27Z,Crypto Profit Coach‚Ñ¢,APPC,Binance,0,
2021-04-17T20:00:03Z,WallStreetBets Crypto Pumps - Investing!,RCN,Binance,1,2021-04-17T19:01:00Z
2021-04-18T13:30:16Z,Binance Global T√ºrk√ße,VET,Binance,0,
2021-04-18T14:47:37Z,Binance Global T√ºrk√ße,BNB,Binance,0,
2021-04-18T17:00:12Z,.,PAXG,Binance,0,
2021-04-18T17:28:47Z,Binance Global T√ºrk√ße,ETC,Binance,0,
2021-04-18T18:32:33Z,Binance Global T√ºrk√ße,CHZ,Binance,0,
2021-04-18T18:44:12Z,Binance Global T√ºrk√ße,LTO,Binance,0,
2021-04-18T19:48:09Z,Binance Global T√ºrk√ße,SC,Binance,0,
2021-04-18T19:58:42Z,Binance Global T√ºrk√ße,XTZ,Binance,0,
2021-04-18T20:48:59Z,Binance Global T√ºrk√ße,BNB,Binance,0,
2021-04-19T19:17:56Z,Binance Moon Pump‚Ñ¢,NXS,Binance,0,
2021-04-20T12:30:25Z,Whales Crypto Guide,EGLD,Binance,0,
2021-04-20T17:17:23Z,Binance Moon Pump‚Ñ¢,LINA,Binance,0,
2021-04-20T17:44:50Z,Binance Crypto Signals,LINK,Binance,0,
2021-04-20T23:22:11Z,Whales Crypto Guide,NEBL,Binance,0,
2021-04-21T13:55:54Z,Binance Moon Pump‚Ñ¢,SKY,Binance,0,
2021-04-21T14:40:28Z,Crypto Profit Coach‚Ñ¢,POWR,Binance,0,
2021-04-21T15:59:29Z,Crypto Profit Coach‚Ñ¢,WPR,Binance,1,2021-04-21T16:00:00Z
2021-04-21T21:00:07Z,Crypto News,VIA,Binance,1,2021-04-21T20:59:00Z
2021-04-22T16:11:01Z,Crypto Profit Coach‚Ñ¢,ACM,Binance,0,
2021-04-23T10:26:46Z,Crypto Profit Coach‚Ñ¢,DLT,Binance,0,
2021-04-23T15:59:04Z,Crypto Profit Coach‚Ñ¢,VIB,Binance,1,2021-04-23T15:00:00Z
2021-04-23T16:43:59Z,Whales Crypto Guide,RDN,Binance,0,
2021-04-23T19:00:01Z,WallStreetBets ¬Æ,CND,Binance,1,2021-04-23T19:00:00Z
2021-04-24T09:27:28Z,Binance Crypto Signals,LINK,Binance,0,
2021-04-24T14:22:27Z,Binance Pump Tracker‚Ñ¢,ONG,Binance,0,
2021-04-24T14:37:33Z,Binance Pump Tracker‚Ñ¢,APPC,Binance,0,
2021-04-24T15:34:36Z,Binance Pump Tracker‚Ñ¢,BRD,Binance,0,
2021-04-24T15:48:00Z,Binance Pump Tracker‚Ñ¢,DUSK,Binance,0,
2021-04-24T15:55:25Z,Whales Crypto Guide,DLT,Binance,0,
2021-04-24T16:59:04Z,WallStreetBets Crypto Pumps - Investing!,DLT,Binance,1,2021-04-24T16:00:00Z
2021-04-24T21:00:12Z,Binance Royal Pump,RDN,Binance,1,2021-04-24T21:00:00Z
2021-04-25T09:22:15Z,Binance Pump Tracker‚Ñ¢,MDA,Binance,0,
2021-04-25T09:40:32Z,Binance Pump Tracker‚Ñ¢,GRS,Binance,0,
2021-04-25T14:04:44Z,Crypto Profit Coach‚Ñ¢,ELF,Binance,0,
2021-04-25T14:46:00Z,Crypto Profit Coach‚Ñ¢,CDT,Binance,0,
2021-04-25T15:38:46Z,Crypto Profit Coach‚Ñ¢,ACM,Binance,0,
2021-04-25T17:00:23Z,Elon Mars Pumps,IDEX,Binance,0,
2021-04-26T03:15:53Z,Crypto Profit Coach‚Ñ¢,VIB,Binance,0,
2021-04-26T09:41:02Z,Crypto Profit Coach‚Ñ¢,BEAM,Binance,0,
2021-04-26T18:22:18Z,Crypto Profit Coach‚Ñ¢,NAS,Binance,0,
2021-04-27T02:55:48Z,Binance Moon Pump‚Ñ¢,APPC,Binance,0,
2021-04-27T07:17:12Z,Crypto Profit Coach‚Ñ¢,AST,Binance,0,
2021-04-27T16:03:34Z,Crypto Profit Coach‚Ñ¢,OAX,Binance,0,
2021-04-28T04:18:29Z,Binance Pump Tracker‚Ñ¢,FIS,Binance,0,
2021-04-28T05:07:58Z,Binance Pump Tracker‚Ñ¢,BADGER,Binance,0,
2021-04-28T15:35:45Z,Whales Crypto Guide,REEF,Binance,0,
2021-04-29T06:51:12Z,Binance Pump Tracker‚Ñ¢,FXS,Binance,0,
2021-04-29T11:49:06Z,Binance Pump Tracker‚Ñ¢,BTG,Binance,0,
2021-04-29T14:48:16Z,Whales Crypto Guide,BAL,Binance,0,
2021-04-30T07:23:52Z,Binance Pump Tracker‚Ñ¢,MDA,Binance,0,
2021-04-30T13:00:10Z,Binance Pump Tracker‚Ñ¢,BRD,Binance,0,
2021-04-30T13:20:56Z,Cryptonians (Free Signals and News Update),PHA,Binance,0,
2021-04-30T17:00:01Z,WallStreetBets ¬Æ,CFX,Binance,0,
2021-04-30T18:55:35Z,Binance Pump Tracker‚Ñ¢,AMB,Binance,0,
2021-05-01T16:40:09Z,Crypto Profit Coach‚Ñ¢,ELF,Binance,0,
2021-05-01T16:51:23Z,Crypto Profit Coach‚Ñ¢,NXS,Binance,0,
2021-05-01T17:00:41Z,.,DLT,Binance,1,2021-05-01T17:00:00Z
2021-05-02T15:28:45Z,Binance Pump Tracker‚Ñ¢,AGI,Binance,0,
2021-05-02T18:00:11Z,Elon Mars Pumps,BRD,Binance,1,2021-05-02T18:00:00Z
2021-05-03T11:01:08Z,Whales Crypto Guide,LSK,Binance,0,
2021-05-03T12:13:35Z,Whales Crypto Guide,BLZ,Binance,0,
2021-05-03T13:35:52Z,Binance Pump Tracker‚Ñ¢,DLT,Binance,0,
2021-05-03T16:00:03Z,Crypto Pump Analytics‚Ñ¢,DLT,Binance,0,
2021-05-04T18:25:45Z,Binance Pump Tracker‚Ñ¢,FXS,Binance,0,
2021-05-05T13:28:56Z,Cryptonians (Free Signals and News Update),COTI,Binance,0,
2021-05-05T19:04:13Z,Whales Crypto Guide,XEM,Binance,0,
2021-05-06T06:24:34Z,Binance Pump Tracker‚Ñ¢,ELF,Binance,0,
2021-05-06T11:59:07Z,Chat With Experts,ONE,Binance,0,
2021-05-06T14:47:17Z,Chat With Experts,SKL,Binance,0,
2021-05-07T07:21:04Z,Binance Pump Tracker‚Ñ¢,AST,Binance,0,
2021-05-08T12:28:02Z,Whales Crypto Guide,ORN,Binance,0,
2021-05-09T14:27:10Z,Binance Pump Tracker‚Ñ¢,ELF,Binance,0,
2021-05-09T17:00:02Z,Binance Pump Signals,WPR,Binance,1,2021-05-09T17:00:00Z
2021-05-09T17:58:52Z,Binance Pump Tracker‚Ñ¢,CND,Binance,0,
2021-05-10T11:24:18Z,Whales Crypto Guide,MDA,Binance,0,
2021-05-11T15:50:58Z,Binance Moon Pump‚Ñ¢,NXS,Binance,0,
2021-05-11T15:56:22Z,Binance Moon Pump‚Ñ¢,EVX,Binance,0,
2021-05-11T16:00:09Z,premium binance signals turkey,QLC,Binance,1,2021-05-11T16:00:00Z
2021-05-12T15:47:18Z,Binance Moon Pump‚Ñ¢,PHA,Binance,0,
2021-05-13T15:26:18Z,Binance Moon Pump‚Ñ¢,AMB,Binance,0,
2021-05-14T11:54:54Z,Binance Moon Pump‚Ñ¢,CTXC,Binance,1,2021-05-14T10:55:00Z
2021-05-15T17:18:35Z,Binance Moon Pump‚Ñ¢,CTXC,Binance,0,
2021-05-15T17:18:36Z,Crypto Profit Coach‚Ñ¢,DATA,Binance,1,2021-05-15T16:31:00Z
2021-05-16T16:31:16Z,Binance Moon Pump‚Ñ¢,LOOM,Binance,1,2021-05-16T16:31:00Z
2021-05-16T17:00:01Z,Binance Pump Signals,DLT,Binance,1,2021-05-16T17:00:00Z
2021-05-18T16:29:21Z,Binance Moon Pump‚Ñ¢,ELF,Binance,0,
2021-05-19T15:35:17Z,Crypto Tree üéÑ,MATIC,Binance,0,
2021-05-20T14:07:20Z,WhalePump Reborn: Best Signals! (100% FREE),ICX,Binance,0,
2021-05-20T17:45:36Z,Binance Moon Pump‚Ñ¢,REEF,Binance,0,
2021-05-21T08:14:05Z,The Crypto Express.,ELF,Binance,1,2021-05-21T08:07:00Z
2021-05-21T12:27:26Z,Binance Moon Pump‚Ñ¢,BLZ,Binance,0,
2021-05-21T16:00:07Z,premium binance signals turkey,NEBL,Binance,1,2021-05-21T16:00:00Z
2021-05-22T12:36:02Z,Binance Moon Pump‚Ñ¢,SKY,Binance,0,
2021-05-22T15:27:43Z,Crypto Pump Squad,NEAR,Binance,0,
2021-05-22T17:00:09Z,Elon Mars Pumps,EVX,Binance,0,
2021-05-23T11:49:04Z,Binance Moon Pump‚Ñ¢,IDEX,Binance,0,
2021-05-24T07:42:46Z,Binance Moon Pump‚Ñ¢,WPR,Binance,0,
2021-05-24T13:18:32Z,Binance Moon Pump‚Ñ¢,BADGER,Binance,0,
2021-05-24T18:43:16Z,Crypto Profit Coach‚Ñ¢,NAS,Binance,0,
2021-05-25T13:12:14Z,Binance Moon Pump‚Ñ¢,OST,Binance,0,
2021-05-25T18:02:53Z,Binance Moon Pump‚Ñ¢,APPC,Binance,0,
2021-05-25T19:07:52Z,Binance Moon Pump‚Ñ¢,POA,Binance,0,
2021-05-26T06:17:17Z,Binance Moon Pump‚Ñ¢,NAV,Binance,0,
2021-05-26T12:31:47Z,premium binance signals turkey,TVK,Binance,0,
2021-05-26T13:07:26Z,Crypto Profit Coach‚Ñ¢,OAX,Binance,0,
2021-05-27T17:48:34Z,American Whales,NEBL,Binance,0,
2021-05-29T08:10:38Z,Binance Moon Pump‚Ñ¢,SKY,Binance,0,
2021-05-29T15:39:19Z,Whales Crypto Guide,OAX,Binance,0,
2021-05-30T08:01:10Z,Binance Moon Pump‚Ñ¢,NXS,Binance,0,
2021-05-30T09:48:18Z,Binance Moon Pump‚Ñ¢,BRD,Binance,0,
2021-05-30T11:27:24Z,Binance Moon Pump‚Ñ¢,PIVX,Binance,0,
2021-05-30T13:28:02Z,Binance Moon Pump‚Ñ¢,APPC,Binance,1,2021-05-30T12:42:00Z
2021-05-30T16:00:13Z,üöÄ Coin Pump Point üöÄ,DLT,Binance,0,
2021-05-30T17:00:02Z,Crypto Binance Trading | Signals & Pumps,OAX,Binance,1,2021-05-30T17:00:00Z
2021-05-31T12:24:03Z,Whales Crypto Guide,BAL,Binance,0,
2021-05-31T16:08:39Z,Binance Moon Pump‚Ñ¢,SNT,Binance,0,
2021-06-01T15:21:10Z,Whales Crypto Guide,EOS,Binance,0,
2021-06-03T05:04:48Z,Trading Crypto Coach¬Æ,REEF,Binance,0,
2021-06-03T12:55:03Z,Pumping üöÄ Star üåü,ENJ,Binance,0,
2021-06-04T17:59:22Z,Binance Moon Pump‚Ñ¢,MTL,Binance,0,
2021-06-05T17:03:05Z,Binance Moon Pump‚Ñ¢,YOYO,Binance,0,
2021-06-05T18:00:12Z,Elon Mars Pumps,ACM,Binance,0,
2021-06-06T08:48:01Z,Binance Moon Pump‚Ñ¢,ELF,Binance,0,
2021-06-06T10:49:27Z,Binance Moon Pump‚Ñ¢,POA,Binance,0,
2021-06-06T17:00:02Z,Binance Pump Signals,MTH,Binance,1,2021-06-06T17:00:00Z
2021-06-06T17:00:07Z,Crypto Signal,CND,Binance,1,2021-06-06T17:00:00Z
2021-06-07T13:28:19Z,Binance Moon Pump‚Ñ¢,WABI,Binance,0,
2021-06-09T16:13:51Z,Binance Moon Pump‚Ñ¢,QLC,Binance,0,
2021-06-11T14:54:14Z,Binance Moon Pump‚Ñ¢,POA,Binance,0,
2021-06-12T13:20:45Z,Binance Moon Pump‚Ñ¢,YOYO,Binance,0,
2021-06-12T14:45:58Z,Whales Crypto Guide,GVT,Binance,0,
2021-06-13T16:00:04Z,Crypto VIP Signal‚Ñ¢,QSP,Binance,1,2021-06-13T16:00:00Z
2021-06-13T16:59:49Z,Trading Crypto Coach¬Æ,LIT,Binance,1,2021-06-13T17:00:00Z
2021-06-13T17:01:25Z,Binance Pump Signals,FIO,Binance,1,2021-06-13T17:00:00Z
2021-06-13T17:01:25Z,Binance Pump Signals,DLT,Binance,1,2021-06-13T17:01:00Z
2021-06-14T12:31:09Z,Trading Crypto Coach¬Æ,MATIC,Binance,0,
2021-06-15T15:53:36Z,Binance Moon Pump‚Ñ¢,OST,Binance,0,
2021-06-15T15:54:29Z,Trading Crypto Coach¬Æ,RLC,Binance,0,
2021-06-15T16:00:01Z,Crypto VIP Signal‚Ñ¢,REP,Binance,1,2021-06-15T16:00:00Z
2021-06-15T16:36:09Z,Trading Crypto Coach¬Æ,ONE,Binance,0,
2021-06-15T16:41:05Z,premium binance signals turkey,CTXC,Binance,0,
2021-06-16T10:32:22Z,Trading Crypto Coach¬Æ,SXP,Binance,0,
2021-06-16T15:09:54Z,Binance Moon Pump‚Ñ¢,ARK,Binance,0,
2021-06-16T16:29:04Z,Binance Moon Pump‚Ñ¢,NAS,Binance,0,
2021-06-18T14:22:48Z,Trading Crypto Coach¬Æ,CDT,Binance,1,2021-06-18T14:20:00Z
2021-06-19T17:48:46Z,Whales Crypto Guide,VIA,Binance,0,
2021-06-20T11:00:22Z,American Whales,NAV,Binance,0,
2021-06-20T14:36:24Z,Whales Crypto Guide,TRU,Binance,0,
2021-06-20T17:00:04Z,Crypto Binance Trading | Signals & Pumps,WABI,Binance,1,2021-06-20T17:00:00Z
2021-06-24T15:55:08Z,Binance Moon Pump‚Ñ¢,ELF,Binance,0,
2021-06-26T16:08:12Z,Binance Moon Pump‚Ñ¢,ADX,Binance,0,
2021-06-27T17:00:09Z,Binance Royal Pump,MTH,Binance,1,2021-06-27T17:00:00Z
2021-06-28T17:30:52Z,Binance Moon Pump‚Ñ¢,ARPA,Binance,0,
2021-06-29T14:27:41Z,Binance Moon Pump‚Ñ¢,OAX,Binance,0,
2021-07-01T17:52:58Z,Binance Moon Pump‚Ñ¢,DLT,Binance,0,
2021-07-01T19:07:07Z,Binance Moon Pump‚Ñ¢,QSP,Binance,0,
2021-07-01T21:10:47Z,Crypto Tree üéÑ,LINK,Binance,0,
2021-07-03T16:12:46Z,Binance Moon Pump‚Ñ¢,IDEX,Binance,0,
2021-07-03T19:19:39Z,Binance Moon Pump‚Ñ¢,YOYO,Binance,0,
2021-07-05T15:17:53Z,Binance Moon Pump‚Ñ¢,NEBL,Binance,0,
2021-07-05T16:14:20Z,Binance Moon Pump‚Ñ¢,MDA,Binance,0,
2021-07-06T14:30:37Z,Binance Moon Pump‚Ñ¢,TWT,Binance,0,
2021-07-07T13:35:13Z,Binance Moon Pump‚Ñ¢,ARPA,Binance,0,
2021-07-07T18:33:21Z,Binance Moon Pump‚Ñ¢,EZ,Binance,0,
2021-07-07T19:06:20Z,Binance Moon Pump‚Ñ¢,FIS,Binance,0,
2021-07-10T14:42:03Z,Whales Crypto Guide,VIA,Binance,0,
2021-07-11T12:00:42Z,Binance Moon Pump‚Ñ¢,OAX,Binance,0,
2021-07-11T17:00:02Z,Crypto Binance Trading | Signals & Pumps,POA,Binance,1,2021-07-11T16:01:00Z
2021-07-16T14:35:09Z,Binance Moon Pump‚Ñ¢,TRU,Binance,0,
2021-07-16T14:50:40Z,Binance Moon Pump‚Ñ¢,CTSI,Binance,0,
2021-07-17T16:57:45Z,Binance Moon Pump‚Ñ¢,REQ,Binance,0,
2021-07-18T18:34:36Z,Binance Moon Pump‚Ñ¢,FOR,Binance,0,
2021-07-23T13:03:15Z,Binance Moon Pump‚Ñ¢,POA,Binance,0,
2021-07-24T16:40:29Z,Whales Crypto Guide,GVT,Binance,0,
2021-07-24T16:58:49Z,American Whales,GRS,Binance,0,
2021-07-25T04:24:58Z,The Crypto Express.,FOR,Binance,0,
2021-07-25T12:03:48Z,Binance Moon Pump‚Ñ¢,QLC,Binance,0,
2021-07-25T15:22:00Z,Binance Moon Pump‚Ñ¢,NXS,Binance,0,
2021-07-25T15:29:30Z,Binance Moon Pump‚Ñ¢,EVX,Binance,0,
2021-07-25T17:00:01Z,Crypto Binance Trading | Signals & Pumps,DREP,Binance,1,2021-07-25T17:00:00Z
2021-07-27T13:47:47Z,Binance Moon Pump‚Ñ¢,ARPA,Binance,0,
2021-07-30T09:24:28Z,American Whales,NEBL,Binance,0,
2021-08-02T23:13:30Z,Binance Moon Pump‚Ñ¢,BTS,Binance,0,
2021-08-05T04:02:50Z,Binance Moon Pump‚Ñ¢,EVX,Binance,0,
2021-08-06T03:31:15Z,Whales Crypto Guide,LSK,Binance,0,
2021-08-06T11:34:16Z,Binance Moon Pump‚Ñ¢,BRD,Binance,0,
2021-08-07T14:59:36Z,Whales Crypto Guide,CTXC,Binance,1,2021-08-07T15:01:00Z
2021-08-07T15:16:48Z,Binance Moon Pump‚Ñ¢,ANKR,Binance,0,
2021-08-08T01:00:17Z,Binance Moon Pump‚Ñ¢,APPC,Binance,0,
2021-08-08T13:44:38Z,Trading Crypto Coach¬Æ,AVAX,Binance,0,
2021-08-08T17:00:10Z,Kucoin Pump Signals | Crypto Trading,EZ,Binance,1,2021-08-08T17:00:00Z
2021-08-09T17:57:23Z,Binance Moon Pump‚Ñ¢,ARPA,Binance,0,
2021-08-10T04:44:37Z,Whales Crypto Guide,ARPA,Binance,0,
2021-08-10T17:38:12Z,Binance Moon Pump‚Ñ¢,MDA,Binance,0,
2021-08-15T04:13:42Z,Binance Moon Pump‚Ñ¢,RDN,Binance,0,
2021-08-15T16:48:07Z,Trading Crypto Coach¬Æ,BEAM,Binance,0,
2021-08-15T17:31:33Z,Binance Moon Pump‚Ñ¢,ADX,Binance,0,
2021-08-16T05:46:48Z,Binance Moon Pump‚Ñ¢,CTXC,Binance,0,
2021-08-17T02:54:01Z,Binance Moon Pump‚Ñ¢,OAX,Binance,0,
2021-08-17T12:03:37Z,Whales Crypto Guide,FOR,Binance,0,
2021-08-20T02:08:20Z,Binance Moon Pump‚Ñ¢,NU,Binance,0,
2021-08-20T04:13:22Z,Whales Crypto Guide,ARPA,Binance,0,
2021-08-20T11:40:08Z,Crypto Trader,WRX,Binance,0,
2021-08-20T13:41:07Z,Binance Moon Pump‚Ñ¢,AION,Binance,0,
2021-08-21T13:04:15Z,Whales Crypto Guide,FOR,Binance,0,
2021-08-21T16:00:08Z,Whales Crypto Guide,GVT,Binance,0,
2021-08-22T13:10:59Z,Binance Moon Pump‚Ñ¢,POND,Binance,0,
2021-08-22T17:00:11Z,Kucoin Pump Signals | Crypto Trading,NAS,Binance,1,2021-08-22T17:00:00Z
2021-08-22T20:31:14Z,PumpKings‚Ñ¢,SRM,Binance,0,
2021-08-24T00:51:30Z,Binance Moon Pump‚Ñ¢,TCT,Binance,0,
2021-08-24T06:38:24Z,Binance Moon Pump‚Ñ¢,BLZ,Binance,0,
2021-08-27T15:50:21Z,Binance Moon Pump‚Ñ¢,QSP,Binance,0,
2021-08-27T16:00:06Z,Binance Trading Signals,GXS,Binance,1,2021-08-27T16:00:00Z
2021-08-27T19:27:02Z,ùë™ùíêùíäùíè|ùë™ùíêùíÇùíÑùíâ|ùë∫ùíäùíàùíèùíÇùíçùíî,KEEP,Binance,0,
2021-08-29T12:54:33Z,Whales Crypto Guide,BNB,Binance,0,
2021-08-29T13:38:16Z,Crypto Trader,ICP,Binance,0,
2021-08-29T17:00:07Z,Crypto Signal,BRD,Binance,1,2021-08-29T17:00:00Z
2021-08-30T18:40:45Z,Whales Crypto Guide,SKL,Binance,0,
2021-09-01T08:38:04Z,The Bull,CHZ,Binance,1,2021-09-01T08:26:00Z
2021-09-02T17:03:00Z,Crypto Trader,ALPHA,Binance,0,
2021-09-04T18:00:14Z,Whales Crypto Guide,PNT,Binance,0,
2021-09-05T11:03:12Z,Whales Crypto Guide,MDA,Binance,0,
2021-09-05T17:00:38Z,Binance whales pumps,VIB,Binance,1,2021-09-05T17:00:00Z
2021-09-05T17:39:07Z,Binance Moon Pump‚Ñ¢,NXS,Binance,0,
2021-09-06T11:06:07Z,Crypto Trader,SFP,Binance,0,
2021-09-06T16:53:31Z,Crypto Trader,ALGO,Binance,0,
2021-09-07T14:28:03Z,Binance Moon Pump‚Ñ¢,ADX,Binance,0,
2021-09-08T08:26:51Z,Crypto VIP Signal‚Ñ¢,NEAR,Binance,0,
2021-09-09T14:00:08Z,Binance Pump Tracker‚Ñ¢,FUN,Binance,0,
2021-09-09T17:48:20Z,Binance Waves,SOL,Binance,0,
2021-09-10T12:13:12Z,Binance Moon Pump‚Ñ¢,OAX,Binance,0,
2021-09-10T12:16:15Z,Yo Crypto 2.0,AVAX,Binance,0,
2021-09-10T17:41:18Z,Binance Moon Pump‚Ñ¢,QLC,Binance,0,
2021-09-11T07:24:08Z,Crypto Trader,ALGO,Binance,0,
2021-09-11T11:42:18Z,Binance Moon Pump‚Ñ¢,PHB,Binance,0,
2021-09-11T12:22:44Z,WhalePump Reborn: Best Signals! (100% FREE),ROSE,Binance,0,
2021-09-11T16:00:15Z,Binance Moon Pump‚Ñ¢,DLT,Binance,0,
2021-09-12T12:40:38Z,Binance Moon Pump‚Ñ¢,GTO,Binance,0,
2021-09-13T18:10:41Z,Binance Moon Pump‚Ñ¢,RDN,Binance,0,
2021-09-14T12:30:23Z,Crypto Trader,CHZ,Binance,0,
2021-09-15T15:29:50Z,Binance Moon Pump‚Ñ¢,PIVX,Binance,0,
2021-09-15T17:00:05Z,Binance Trading Signals,CTXC,Binance,1,2021-09-15T17:01:00Z
2021-09-18T12:47:05Z,Binance Moon Pump‚Ñ¢,AION,Binance,0,
2021-09-19T14:51:19Z,Binance Moon Pump‚Ñ¢,BRD,Binance,0,
2021-09-19T17:00:11Z,Kucoin Pump Signals | Crypto Trading,FXS,Binance,1,2021-09-19T17:00:00Z
2021-09-21T13:50:06Z,Binance Moon Pump‚Ñ¢,NAV,Binance,0,
2021-09-22T13:07:05Z,Binance Moon Pump‚Ñ¢,NEBL,Binance,0,
2021-09-22T13:14:27Z,Binance Moon Pump‚Ñ¢,PNT,Binance,0,
2021-09-22T14:24:02Z,Binance Moon Pump‚Ñ¢,EVX,Binance,0,
2021-09-22T16:00:04Z,Whales Crypto Expert‚Ñ¢,NXS,Binance,1,2021-09-22T16:00:00Z
2021-09-23T14:20:24Z,Binance Moon Pump‚Ñ¢,FIO,Binance,0,
2021-09-25T11:07:31Z,Binance Moon Pump‚Ñ¢,SUPER,Binance,0,
2021-09-28T14:18:48Z,Binance Moon Pump‚Ñ¢,MTH,Binance,0,
2021-09-30T14:07:22Z,Binance Moon Pump‚Ñ¢,APPC,Binance,0,
2021-10-02T10:43:02Z,Binance Moon Pump‚Ñ¢,YOYO,Binance,0,
2021-10-02T11:03:10Z,Binance Moon Pump‚Ñ¢,QLC,Binance,0,
2021-10-02T17:32:40Z,Binance Moon Pump‚Ñ¢,GXS,Binance,0,
2021-10-03T16:51:28Z,Binance Royal Pump,EVX,Binance,1,2021-10-03T15:52:00Z
2021-10-03T17:00:07Z,WallStreetBets Events üõ∏,EZ,Binance,1,2021-10-03T17:00:00Z
2021-10-05T12:54:56Z,Binance Moon Pump‚Ñ¢,GTO,Binance,0,
2021-10-05T15:00:07Z,Big Pumps Binance‚Ñ¢,SKY,Binance,1,2021-10-05T15:00:00Z
2021-10-05T18:15:52Z,Binance Moon Pump‚Ñ¢,QLC,Binance,0,
2021-10-07T05:27:32Z,Binance Mega Pump 360‚Ñ¢,BTCST,Binance,0,
2021-10-07T05:39:41Z,Binance Moon Pump‚Ñ¢,ANT,Binance,0,
2021-10-08T04:25:06Z,Binance Moon Pump‚Ñ¢,ACM,Binance,0,
2021-10-08T12:10:53Z,Binance Moon Pump‚Ñ¢,QSP,Binance,0,
2021-10-08T12:40:07Z,Binance whales pumps,VIB,Binance,0,
2021-10-08T15:42:54Z,Binance Moon Pump‚Ñ¢,SKY,Binance,0,
2021-10-08T16:17:35Z,Binance Moon Pump‚Ñ¢,NAV,Binance,0,
2021-10-09T06:27:43Z,Binance Moon Pump‚Ñ¢,ADX,Binance,0,
2021-10-09T13:13:41Z,Binance Moon Pump‚Ñ¢,POA,Binance,0,
2021-10-09T14:38:12Z,Binance Moon Pump‚Ñ¢,NXS,Binance,0,
2021-10-09T17:20:57Z,Binance Royal Pump,VIB,Binance,0,
2021-10-10T05:31:16Z,Binance whales pumps,VIB,Binance,0,
2021-10-10T17:00:05Z,Crypto Binance Trading | Signals & Pumps,WNXM,Binance,1,2021-10-10T17:00:00Z
2021-10-12T10:27:50Z,Binance Royal Pump,VIB,Binance,0,
2021-10-12T11:36:21Z,Binance whales pumps,VIB,Binance,0,
2021-10-12T16:58:12Z,Binance Moon Pump‚Ñ¢,SKL,Binance,0,
2021-10-12T17:19:58Z,Binance Moon Pump‚Ñ¢,BRD,Binance,0,
2021-10-13T14:16:37Z,Binance Moon Pump‚Ñ¢,POND,Binance,0,
2021-10-13T14:27:55Z,Binance Moon Pump‚Ñ¢,GXS,Binance,0,
2021-10-14T15:00:06Z,Big Pumps Binance‚Ñ¢,WABI,Binance,1,2021-10-14T15:00:00Z
2021-10-14T20:49:07Z,premium binance signals turkey,IRIS,Binance,0,
2021-10-15T15:52:07Z,Binance Moon Pump‚Ñ¢,PNT,Binance,0,
2021-10-16T16:20:18Z,Binance Moon Pump‚Ñ¢,GXS,Binance,0,
2021-10-16T17:14:02Z,Binance Moon Pump‚Ñ¢,IRIS,Binance,0,
2021-10-16T17:35:16Z,Binance Moon Pump‚Ñ¢,WAXP,Binance,0,
2021-10-17T07:27:54Z,Binance Moon Pump‚Ñ¢,ANT,Binance,0,
2021-10-17T17:48:26Z,Pumping üöÄ Star üåü,BEAM,Binance,0,
2021-10-19T13:03:42Z,Trading Crypto Coach¬Æ,AVAX,Binance,0,
2021-10-20T16:54:23Z,Binance Pump Tracker‚Ñ¢,BRD,Binance,0,
2021-10-21T07:41:12Z,Binance Pump Tracker‚Ñ¢,RDN,Binance,0,
2021-10-21T10:59:08Z,Binance Pump Tracker‚Ñ¢,NXS,Binance,0,
2021-10-21T11:24:32Z,Binance Pump Tracker‚Ñ¢,EVX,Binance,0,
2021-10-21T16:00:10Z,Whales Crypto Expert‚Ñ¢,POA,Binance,1,2021-10-21T16:00:00Z
2021-10-22T13:28:27Z,Binance Pump Tracker‚Ñ¢,AGIX,Binance,0,
2021-10-23T16:15:53Z,Binance Pump Tracker‚Ñ¢,ADX,Binance,0,
2021-10-23T16:31:21Z,Binance Pump Tracker‚Ñ¢,SNT,Binance,0,
2021-10-24T09:05:48Z,Binance Royal Pump,VIB,Binance,0,
2021-10-24T14:00:01Z,üê≥WHALE BINANCE GROUP PUMP üê≥,FOR,Binance,0,
2021-10-24T14:47:20Z,Binance Pump Tracker‚Ñ¢,IDEX,Binance,0,
2021-10-24T17:00:07Z,Crypto Binance Trading | Signals & Pumps,EVX,Binance,1,2021-10-24T17:00:00Z
2021-10-24T19:15:48Z,Binance Royal Pump,VIB,Binance,0,
2021-10-26T10:46:42Z,premium binance signals turkey,SC,Binance,0,
2021-10-26T15:15:37Z,Binance Pump Tracker‚Ñ¢,GRS,Binance,0,
2021-10-26T17:06:26Z,Binance Pump Tracker‚Ñ¢,ARDR,Binance,0,
2021-10-27T21:13:53Z,Binance Royal Pump,VIB,Binance,0,
2021-10-30T05:24:38Z,Binance Pump Tracker‚Ñ¢,NXS,Binance,0,
2021-10-30T16:06:14Z,Binance Pump Tracker‚Ñ¢,RDN,Binance,0,
2021-10-30T17:30:36Z,Whales Crypto Guide,NEBL,Binance,1,2021-10-30T17:31:00Z
2021-10-31T09:29:03Z,premium binance signals turkey,DUSK,Binance,0,
2021-10-31T15:00:06Z,Big Pumps Binance‚Ñ¢,BRD,Binance,1,2021-10-31T15:00:00Z
2021-10-31T17:00:05Z,Crypto Binance Trading | Signals & Pumps,EZ,Binance,1,2021-10-31T17:00:00Z
2021-10-31T17:06:29Z,Binance Royal Pump,VIB,Binance,0,
2021-11-01T14:57:08Z,Pro Analysis,CHR,Binance,0,
2021-11-02T16:16:13Z,Binance Pump Tracker‚Ñ¢,OAX,Binance,0,
2021-11-03T06:29:40Z,Binance Pump Tracker‚Ñ¢,MTH,Binance,0,
2021-11-03T16:25:54Z,premium binance signals turkey,FIRO,Binance,0,
2021-11-04T09:41:41Z,The Bull,BEL,Binance,0,
2021-11-04T13:16:08Z,Binance Pump Tracker‚Ñ¢,REQ,Binance,0,
2021-11-04T13:36:32Z,Binance Pump Tracker‚Ñ¢,BRD,Binance,0,
2021-11-05T09:46:18Z,Binance Pump Tracker‚Ñ¢,QSP,Binance,0,
2021-11-05T19:11:33Z,Binance Pump Tracker‚Ñ¢,NULS,Binance,0,
2021-11-06T11:02:21Z,Binance Pump Tracker‚Ñ¢,NXS,Binance,0,
2021-11-07T17:00:03Z,Crypto Coin Pump Signals,MTH,Binance,1,2021-11-07T17:00:00Z
2021-11-07T17:21:49Z,Binance Royal Pump,VIB,Binance,0,
2021-11-07T18:58:16Z,Binance whales pumps,VIB,Binance,0,
2021-11-08T14:12:02Z,Binance Pump Tracker‚Ñ¢,EPS,Binance,0,
2021-11-09T03:49:00Z,Crypto VIP Signal‚Ñ¢,SUPER,Binance,0,
2021-11-09T16:56:11Z,Binance Pump Tracker‚Ñ¢,OAX,Binance,0,
2021-11-11T12:29:23Z,Binance Pump Tracker‚Ñ¢,EVX,Binance,0,
2021-11-12T14:37:03Z,Binance Pump Tracker‚Ñ¢,NAS,Binance,0,
2021-11-12T15:36:26Z,Binance Pump Tracker‚Ñ¢,ASR,Binance,1,2021-11-12T15:37:00Z
2021-11-12T15:43:46Z,Binance Pump Tracker‚Ñ¢,ATM,Binance,0,
2021-11-12T16:00:07Z,Whales Crypto Expert‚Ñ¢,EVX,Binance,1,2021-11-12T16:00:00Z
2021-11-14T15:00:06Z,Pumps Leaks,NAS,Binance,1,2021-11-14T15:00:00Z
2021-11-16T16:00:08Z,Whales Crypto Expert‚Ñ¢,NXS,Binance,1,2021-11-16T16:00:00Z
2021-11-16T16:22:46Z,Binance Pump Tracker‚Ñ¢,APPC,Binance,0,
2021-11-19T11:03:38Z,Binance Pump Tracker‚Ñ¢,RAMP,Binance,0,
2021-11-20T13:36:31Z,Binance Pump Tracker‚Ñ¢,NXS,Binance,0,
2021-11-21T11:08:11Z,Binance Pump Tracker‚Ñ¢,PIVX,Binance,0,
2021-11-21T13:27:42Z,Binance Pump Tracker‚Ñ¢,ARDR,Binance,0,
2021-11-22T17:47:49Z,Binance Pump Tracker‚Ñ¢,ACM,Binance,0,
2021-11-23T11:54:50Z,Binance Pump Tracker‚Ñ¢,REQ,Binance,0,
2021-11-23T15:00:03Z,Pumps Leaks,MDA,Binance,1,2021-11-23T15:00:00Z
2021-11-26T01:21:52Z,Binance Pump Tracker‚Ñ¢,NAV,Binance,0,
2021-11-26T04:19:33Z,Binance Pump Tracker‚Ñ¢,ELF,Binance,0,
2021-11-27T10:49:34Z,Binance Pump Tracker‚Ñ¢,TKO,Binance,0,
2021-11-27T16:37:26Z,Binance Pump Tracker‚Ñ¢,NXS,Binance,0,
2021-11-27T16:50:46Z,Binance Pump Tracker‚Ñ¢,GXS,Binance,0,
2021-11-28T07:09:31Z,Binance Pump Tracker‚Ñ¢,FOR,Binance,0,
2021-11-28T15:26:32Z,Binance Pump Tracker‚Ñ¢,VIB,Binance,0,
2021-11-28T15:48:50Z,Binance Pump Tracker‚Ñ¢,FXS,Binance,0,
2021-11-28T16:01:20Z,Binance Pump Tracker‚Ñ¢,GRS,Binance,0,
2021-11-28T17:00:05Z,Crypto Coin Pump Signals,PHB,Binance,1,2021-11-28T17:00:00Z
2021-11-28T18:53:49Z,Binance Royal Pump,VIB,Binance,0,
2021-11-29T05:21:50Z,The Bull,ALPHA,Binance,0,
2021-11-29T07:49:03Z,Binance whales pumps,VIB,Binance,0,
2021-11-30T12:31:13Z,Binance Pump Tracker‚Ñ¢,QSP,Binance,0,
2021-12-02T19:30:13Z,Binance Pump Tracker‚Ñ¢,ELF,Binance,0,
2021-12-04T12:59:30Z,Binance Pump Tracker‚Ñ¢,NXS,Binance,0,
2021-12-05T15:00:48Z,üê≥WHALE BINANCE GROUP PUMP üê≥,NEBL,Binance,1,2021-12-05T15:00:00Z
2021-12-06T06:45:03Z,Binance Pump Tracker‚Ñ¢,ADX,Binance,0,
2021-12-06T16:00:04Z,Whales Crypto Expert‚Ñ¢,GRS,Binance,1,2021-12-06T16:00:00Z
2021-12-07T16:00:22Z,üê≥WHALE BINANCE GROUP PUMP üê≥,SNM,Binance,1,2021-12-07T15:01:00Z
2021-12-08T18:54:15Z,Binance Pump Tracker‚Ñ¢,QLC,Binance,0,
2021-12-09T02:20:13Z,Binance Pump Tracker‚Ñ¢,TCT,Binance,0,
2021-12-09T06:00:15Z,Binance Pump Tracker‚Ñ¢,AST,Binance,0,
2021-12-16T02:32:42Z,Binance Pump Tracker‚Ñ¢,NXS,Binance,0,
2021-12-16T12:47:22Z,Binance Pump Tracker‚Ñ¢,SNT,Binance,0,
2021-12-16T14:04:43Z,Binance Pump Tracker‚Ñ¢,AST,Binance,0,
2021-12-16T14:52:52Z,Binance Pump Tracker‚Ñ¢,RAMP,Binance,0,
2021-12-17T13:47:40Z,Binance Pump Tracker‚Ñ¢,RDN,Binance,0,
2021-12-24T12:39:29Z,Binance Pump Tracker‚Ñ¢,NEBL,Binance,0,
2021-12-24T12:49:37Z,Binance Pump Tracker‚Ñ¢,CTXC,Binance,0,
2021-12-24T17:21:40Z,Binance Pump Tracker‚Ñ¢,AGIX,Binance,0,
2021-12-25T13:55:38Z,Binance Pump Tracker‚Ñ¢,OG,Binance,0,
2021-12-25T14:13:53Z,Binance Pump Tracker‚Ñ¢,TCT,Binance,0,
2021-12-26T15:45:49Z,Binance Pump Tracker‚Ñ¢,RAMP,Binance,0,
2021-12-26T18:53:56Z,Binance Pump Tracker‚Ñ¢,PNT,Binance,0,
2021-12-28T14:13:28Z,Binance Pump Tracker‚Ñ¢,POWR,Binance,0,
2021-12-28T14:27:19Z,Binance Pump Tracker‚Ñ¢,PIVX,Binance,0,
2021-12-31T18:32:19Z,Binance Pump Tracker‚Ñ¢,ATM,Binance,0,
2022-01-02T17:00:07Z,Kucoin Pump Signals | Crypto Trading,NEBL,Binance,1,2022-01-02T17:00:00Z
2022-01-02T17:12:13Z,Binance whales pumps,VIB,Binance,0,
2022-01-08T08:10:33Z,Binance Pump Tracker‚Ñ¢,POWR,Binance,0,
2022-01-09T16:30:08Z,Binance Pump Tracker‚Ñ¢,ASR,Binance,0,
2022-01-12T17:37:53Z,Binance Pump Tracker‚Ñ¢,ATM,Binance,0,
2022-01-17T17:46:31Z,Binance Pump Tracker‚Ñ¢,ELF,Binance,0,
2022-01-18T16:00:05Z,Whales Crypto Expert‚Ñ¢,PIVX,Binance,1,2022-01-18T16:00:00Z
2022-01-24T18:59:45Z,Binance Pump Tracker‚Ñ¢,PIVX,Binance,0,
2022-01-26T10:41:39Z,Binance Pump Tracker‚Ñ¢,QLC,Binance,0,
2022-01-26T11:03:10Z,Binance Pump Tracker‚Ñ¢,OG,Binance,1,2022-01-26T10:04:00Z
2022-01-26T11:12:05Z,Binance Pump Tracker‚Ñ¢,SNM,Binance,0,
2022-01-26T11:31:04Z,Binance Pump Tracker‚Ñ¢,OM,Binance,0,
2022-01-27T12:19:21Z,Binance Pump Tracker‚Ñ¢,ASR,Binance,0,
2022-01-28T19:11:38Z,Binance Pump Tracker‚Ñ¢,ACM,Binance,0,
2022-02-02T18:04:34Z,Binance Pump Tracker‚Ñ¢,MDX,Binance,0,
